<?xml version="1.0" encoding="UTF-8"?>
<beans xmlns="http://www.springframework.org/schema/beans" xmlns:xsi="http://www.w3.org/2001/XMLSchema-instance"
	xmlns:p="http://www.springframework.org/schema/p" xmlns:c="http://www.springframework.org/schema/c"
	xmlns:cache="http://www.huateng.com/schema/baseCache"
	xsi:schemaLocation="http://www.springframework.org/schema/beans http://www.springframework.org/schema/beans/spring-beans.xsd
        http://www.huateng.com/schema/baseCache http://www.huateng.com/schema/baseCache.xsd">

	<bean name="jedisPoolConfig" class="redis.clients.jedis.JedisPoolConfig">
		<property name="maxTotal" value="2"/>
		<property name="maxIdle" value="2"/>
		<property name="testOnBorrow" value="true"/>
		<property name="testOnReturn" value="true"/>
	</bean>
	
	<bean name="jedisPool" class="redis.clients.jedis.JedisSentinelPool">
		<constructor-arg name="masterName" value="mymaster"/>
        <constructor-arg name="sentinels">
            <set>
                <value>170.252.200.131:26379</value>
                <value>170.252.200.131:26380</value>
                <value>170.252.200.131:26381</value>
            </set>
        </constructor-arg>
        <constructor-arg name="poolConfig" ref="jedisPoolConfig"/>
	</bean>

	<bean id="cacheManager" class="com.huateng.base.cache.redis.JedisCacheManager">
		<property name="pool" ref="jedisPool"></property>
	</bean>
	
	<!-- 增加cache注解的使用 -->
	<cache:baseCache cacheManager="cacheManager"/>
</beans>