<?xml version="1.0" encoding="UTF-8"?>
<beans xmlns="http://www.springframework.org/schema/beans"
	xmlns:xsi="http://www.w3.org/2001/XMLSchema-instance"
	xmlns:cache="http://www.huateng.com/schema/baseCache"
	xmlns:context="http://www.springframework.org/schema/context" xmlns:p="http://www.springframework.org/schema/p"
	xsi:schemaLocation="http://www.springframework.org/schema/beans http://www.springframework.org/schema/beans/spring-beans.xsd
	http://www.huateng.com/schema/baseCache http://www.huateng.com/schema/baseCache.xsd
       http://www.springframework.org/schema/context http://www.springframework.org/schema/context/spring-context.xsd"
	default-autowire="no">
	
	<!-- memcached client config -->
	<bean id="memCachedClient" class="net.spy.memcached.spring.MemcachedClientFactoryBean">    
        <property name="servers" value="${cache.address}"/>
        <!-- <property name="protocol" value="BINARY"/> -->
        <property name="transcoder">
        	<bean class="net.spy.memcached.transcoders.SerializingTranscoder">
        		<property name="compressionThreshold" value="1024"></property>
        	</bean>
        </property>
        <!-- 操作的超时时间 -->
        <property name="opTimeout" value="5000"></property>
    </bean>

	<!-- memcached service config -->
	<bean id="cacheManager" class="com.huateng.base.cache.memcached.MemcachedManager">
		<property name="cacheClient" ref="memCachedClient"></property>
	</bean>
	
	<!-- 增加cache注解的使用 -->
	<cache:baseCache cacheManager="cacheManager"/>

</beans>