<?xml version="1.0" encoding="UTF-8"?>
<beans xmlns="http://www.springframework.org/schema/beans" xmlns:xsi="http://www.w3.org/2001/XMLSchema-instance"
xmlns:cache="http://www.huateng.com/schema/baseCache"
	xmlns:p="http://www.springframework.org/schema/p" xmlns:c="http://www.springframework.org/schema/c" xmlns:cache="http://www.huateng.com/schema/baseCache"
	xsi:schemaLocation="http://www.springframework.org/schema/beans http://www.springframework.org/schema/beans/spring-beans.xsd
        http://www.huateng.com/schema/baseCache http://www.huateng.com/schema/baseCache.xsd">

	<bean name="jedisPoolConfig" class="redis.clients.jedis.JedisPoolConfig">
		<property name="maxTotal" value="2" />
		<property name="maxIdle" value="2" />
		<property name="testOnBorrow" value="true" />
		<property name="testOnReturn" value="true" />
	</bean>
	<bean id="node1" class="redis.clients.jedis.HostAndPort">
		<constructor-arg name="host" value="127.0.0.1" />
		<constructor-arg name="port" value="7379" />
	</bean>
	<bean id="node2" class="redis.clients.jedis.HostAndPort">
		<constructor-arg name="host" value="127.0.0.1" />
		<constructor-arg name="port" value="7380" />
	</bean>
	<bean id="node3" class="redis.clients.jedis.HostAndPort">
		<constructor-arg name="host" value="127.0.0.1" />
		<constructor-arg name="port" value="7381" />
	</bean>
	<bean id="cacheManager" class="com.huateng.base.cache.redis.JedisClusterCacheManager">
		<constructor-arg name="nodes">
			<set>
				<ref bean="node1" />
				<ref bean="node2" />
				<ref bean="node3" />
			</set>
		</constructor-arg>
		<constructor-arg name="pool" ref="jedisPoolConfig" />
	</bean>
	
	<!-- 增加cache注解的使用 -->
	<cache:baseCache cacheManager="cacheManager"/>

</beans>