<?xml version="1.0" encoding="UTF-8"?>
<beans xmlns="http://www.springframework.org/schema/beans"
	xmlns:xsi="http://www.w3.org/2001/XMLSchema-instance" 
	xmlns:context="http://www.springframework.org/schema/context" xmlns:p="http://www.springframework.org/schema/p"
	xmlns:cache="http://www.huateng.com/schema/baseCache"
	xsi:schemaLocation="http://www.springframework.org/schema/beans http://www.springframework.org/schema/beans/spring-beans.xsd
       http://www.springframework.org/schema/context http://www.springframework.org/schema/context/spring-context.xsd
       http://www.huateng.com/schema/baseCache http://www.huateng.com/schema/baseCache.xsd"
	default-autowire="no">

	<!-- <bean id="cacheConfig" class="com.huateng.base.cache.common.CacheConfig"
		p:redis-host="${cache.redis.host}" p:redis-port="${cache.redis.port}" p:redis-password="${cache.redis.password}"
		p:redis-sentinel-master="${cache.redis.sentinel.master}" p:redis-sentinel-nodes="${cache.redis.sentinel.nodes}"
		p:redis-cluster-nodes="${cache.redis.cluster.nodes}" />

	<bean id="jedisConnFactory"
		class="com.huateng.base.cache.redis.connection.jedis.JedisConnectionFactory" />

	<bean class="com.huateng.base.cache.redis.core.RedisTemplate"
		p:connection-factory-ref="jedisConnFactory" /> -->
		
		
	<bean name="jedisPoolConfig" class="redis.clients.jedis.JedisPoolConfig">
		<property name="maxTotal" value="2"/>
		<property name="maxIdle" value="2"/>
		<property name="testOnBorrow" value="true"/>
		<property name="testOnReturn" value="true"/>
	</bean>
	
	<bean name="jedisPool" class="redis.clients.jedis.JedisPool">
		<constructor-arg name="poolConfig" ref="jedisPoolConfig"/>
		<constructor-arg name="host" value="${cache.redis.host}"/>
<!--        <constructor-arg name="host" value="127.0.0.1"/> -->
		<constructor-arg name="port" value="${cache.redis.port}"/>
		<!-- <constructor-arg name="timeout" value="1000"/>
		<constructor-arg name="password" value=""/> -->
	</bean>

	<bean id="cacheManager" class="com.huateng.base.cache.redis.JedisCacheManager">
		<property name="pool" ref="jedisPool"></property>
	</bean>
	
	
	<!-- 增加cache注解的使用 -->
	<cache:baseCache cacheManager="cacheManager"/>
	
	<!-- <bean id="cacheManager"
		class="com.huateng.base.cache.redis.cache.RedisCacheManagerAdapter"
		p:config-ref="cacheConfig" /> -->
</beans>