<?xml version="1.0" encoding="UTF-8"?>
<beans xmlns="http://www.springframework.org/schema/beans"
       xmlns:xsi="http://www.w3.org/2001/XMLSchema-instance"
       xmlns:p="http://www.springframework.org/schema/p"
       xmlns:aop="http://www.springframework.org/schema/aop"
       xmlns:context="http://www.springframework.org/schema/context"
       xmlns:tx="http://www.springframework.org/schema/tx"
       xsi:schemaLocation="http://www.springframework.org/schema/beans http://www.springframework.org/schema/beans/spring-beans.xsd
       http://www.springframework.org/schema/aop http://www.springframework.org/schema/aop/spring-aop.xsd
       http://www.springframework.org/schema/context http://www.springframework.org/schema/context/spring-context.xsd
       http://www.springframework.org/schema/tx http://www.springframework.org/schema/tx/spring-tx.xsd">

    <!-- <context:property-placeholder ignore-unresolvable="true" location="file:/apps/config/authority-app/*.properties" /> -->
    
    <import resource="spring/spring-security.xml"></import>
    
    <bean class="com.huateng.user.web.util.SpringContextHolder" factory-method="getInstance"/>
    <!-- 数据字典访问配置 -->
    <bean class="com.huateng.base.enumration.Enumration" factory-method="getInstance">
        <property name="provider" ref="DataDicEnumrationProvider"/>
    </bean>
    
    <bean class="com.huateng.user.core.util.Configs" factory-method="getInstance">
        <property name="configInfoService" ref="ConfigInfoService"/>
    </bean>
	
    <!-- 缓存 -->
    <bean id="cacheService" class="com.huateng.base.cache.impl.CacheServiceImpl">
        <property name="cacheManager" ref="cacheManager"></property>
    </bean>
    <!-- 一定要使用cache,哪怕是ehcache -->
    <import resource="spring/cache/cache-ehcache.xml"/>
<!--     <import resource="spring/cache/cache-redis-single.xml"/> -->
	<!-- <import resource="spring/cache/cache-redis-cluster.xml"/> -->
    <!-- <import resource="spring/cache/cache-redis-sentinel.xml"/> -->
    <!-- <import resource="spring/cache/cache-memcached.xml"/> -->
    
    
    <bean name="asycRecordExecutor" class="org.springframework.scheduling.concurrent.ThreadPoolTaskExecutor" destroy-method="destroy">
        <property name="corePoolSize" value="2"></property>
        <property name="maxPoolSize" value="10"></property>
        <property name="queueCapacity" value="50"></property>
    </bean>
    
    <!-- 定时任务 -->
    <import resource="spring/task/auto-task.xml"/>
    <!-- 导出配置 -->
    <import resource="spring/export-template.xml"/>
    <!-- 集成authority-fdt包 -->
    <!-- 所有的fdt包的集成方式 -->
	<import resource="classpath*:authority-app/authority-fdt.xml"/>
	
	<!-- <import resource="classpath*:spring/spring-datasource.xml"/> -->
	<import resource="classpath*:spring/spring-mybatis.xml"/>
	<!-- <import resource="classpath*:spring/spring-transaction.xml"/> -->
</beans>
