<toolbox>
	<xhtml>true</xhtml>
	<tool>
 		<key>escape</key>
  		<scope>application</scope>
  		<class>org.apache.velocity.tools.generic.EscapeTool</class>
     </tool>
     
     <tool>
 		<key>securityCheck</key>
  		<scope>application</scope>
  		<class>com.huateng.user.web.util.SecurityCheckTag</class>
     </tool>
     
     <tool>
 		<key>serverProperty</key>
  		<scope>application</scope>
  		<class>com.huateng.user.web.util.ServerPropertyTag</class>
     </tool>
     
     <tool>
 		<key>enumTag</key>
  		<scope>application</scope>
  		<class>com.huateng.user.web.util.EnumrationTag</class>
     </tool>
     
     <tool>
 		<key>configTag</key>
  		<scope>application</scope>
  		<class>com.huateng.user.web.util.ConfigTag</class>
     </tool>
     
     <tool>
        <key>userUtil</key>
        <scope>application</scope>
        <class>com.huateng.user.api.utils.UserUtils</class>
     </tool>
</toolbox>