<?xml version="1.0" encoding="UTF-8"?>
<beans xmlns="http://www.springframework.org/schema/beans" xmlns:xsi="http://www.w3.org/2001/XMLSchema-instance"
	xmlns:aop="http://www.springframework.org/schema/aop"
	xmlns:context="http://www.springframework.org/schema/context"
	xmlns:mvc="http://www.springframework.org/schema/mvc"
	xsi:schemaLocation="http://www.springframework.org/schema/mvc http://www.springframework.org/schema/mvc/spring-mvc.xsd
		http://www.springframework.org/schema/beans http://www.springframework.org/schema/beans/spring-beans.xsd
		http://www.springframework.org/schema/context http://www.springframework.org/schema/context/spring-context.xsd
		http://www.springframework.org/schema/aop http://www.springframework.org/schema/aop/spring-aop.xsd
		http://www.springframework.org/schema/mvc http://www.springframework.org/schema/mvc/spring-mvc.xsd">

	<!-- <context:annotation-config />
	<context:component-scan base-package="com.istock.user.controller,com.istock.union.controller" /> -->
    <aop:aspectj-autoproxy proxy-target-class="true">
        <aop:include name="controllerAspect" />
        <aop:include name="operLogAspect" />
        <aop:include name="exportAspect" />
    </aop:aspectj-autoproxy>
    <bean id="controllerAspect" class="com.huateng.user.web.security.SecurityCheckerAspect"></bean>
    <bean id="operLogAspect" class="com.huateng.user.web.security.LogAspect"></bean>
    <bean id="exportAspect" class="com.huateng.base.export.annotation.ExporterAspect"></bean>
    
    
    <mvc:interceptors>
        <!--国际化资源切换（根据请求参数中的locale参数自动切换）-->
        <mvc:interceptor>
            <mvc:mapping path="/**"/>
            <bean class="org.springframework.web.servlet.i18n.LocaleChangeInterceptor">
                <property name="paramName" value="lang"/>
            </bean>
        </mvc:interceptor>
        
        <mvc:interceptor>
            <mvc:mapping path="/s/**"/>
            <bean class="com.huateng.user.web.filter.AuthorizationInterceptor" />
        </mvc:interceptor>
    </mvc:interceptors>
     
    <!--  <bean id="freemarkerConfigurer" class="org.springframework.web.servlet.view.freemarker.FreeMarkerConfigurer">
        <property name="templateLoaderPath" value="view/" />
        <property name="defaultEncoding" value="UTF-8" />
        <property name="freemarkerSettings">
            <props>
                <prop key="template_update_delay">10</prop>
                <prop key="locale">zh_CN</prop>
                <prop key="datetime_format">yyyy-MM-dd HH:mm:ss</prop>
                <prop key="date_format">yyyy-MM-dd</prop>
                <prop key="number_format">#.##</prop>
            </props>
        </property>
    </bean>
    <bean id="viewResolver" class="org.springframework.web.servlet.view.freemarker.FreeMarkerViewResolver">
        <property name="viewClass" value="org.springframework.web.servlet.view.freemarker.FreeMarkerView" />
        <property name="suffix" value=".ftl" />
        <property name="contentType" value="text/html;charset=UTF-8" />
        <property name="requestContextAttribute" value="rc" />
        <property name="exposeRequestAttributes" value="true" />
        <property name="exposeSessionAttributes" value="true" />
        <property name="exposeSpringMacroHelpers" value="true" />
    </bean> -->
     
	<!-- <bean id="viewResolver" class="org.springframework.web.servlet.view.velocity.VelocityViewResolver"> -->
	<bean id="viewResolver" class="com.huateng.base.web.servlet.view.velocity.EmbeddedVelocityViewResolver">
          <property name="cache" value="true" />
          <property name="prefix" value="view/" />
          <property name="suffix" value=".vm" />
          <property name="toolboxConfigLocation" value="toolbox.xml" />
          <property name="dateToolAttribute" value="dateTool" />
          <property name="numberToolAttribute" value="numberTool" />
          <property name="contentType" value="text/html;charset=UTF-8" />
          <property name="exposeSpringMacroHelpers" value="true" />
          <property name="exposeRequestAttributes" value="true" />
          <property name="requestContextAttribute" value="rc"/>
   </bean>
	 
	<bean id="velocityConfig" class="org.springframework.web.servlet.view.velocity.VelocityConfigurer">
		<property name="velocityProperties">
			<props>
				<prop key="input.encoding">UTF-8</prop>
				<prop key="output.encoding">UTF-8</prop>
				<prop key="contentType">text/html;charset=UTF-8</prop>
				<prop key="velocimacro.library">/macro/macros.vm</prop>
				<prop key="eventhandler.noescape.html.match">/(?:screen_content)|(?:noescape_.*)/</prop>
				<prop key="file.resource.loader.class">org.apache.velocity.runtime.resource.loader.ClasspathResourceLoader</prop>
			</props>
		</property>
	</bean>

</beans>
