<?xml version="1.0" encoding="UTF-8"?>
<beans xmlns="http://www.springframework.org/schema/beans" xmlns:xsi="http://www.w3.org/2001/XMLSchema-instance"
	xmlns:aop="http://www.springframework.org/schema/aop"
	xmlns:context="http://www.springframework.org/schema/context"
	xmlns:task="http://www.springframework.org/schema/task"
	xsi:schemaLocation="http://www.springframework.org/schema/mvc http://www.springframework.org/schema/mvc/spring-mvc.xsd
		http://www.springframework.org/schema/beans http://www.springframework.org/schema/beans/spring-beans.xsd
		http://www.springframework.org/schema/context http://www.springframework.org/schema/context/spring-context.xsd
		http://www.springframework.org/schema/aop http://www.springframework.org/schema/aop/spring-aop.xsd
		http://www.springframework.org/schema/task http://www.springframework.org/schema/task/spring-task.xsd">

    <context:component-scan base-package="com.huateng.user.core.task"/>
    <bean id="autoTaskDao" class="com.huateng.base.task.dao.AutoTaskDAO">
        <property name="datasource" ref="dataSource" />
        <!-- <property name="tableName" value="${user.autoTaskTable:AUTO_TASK}" /> -->
    </bean>
    
    <bean id="autoTaskService" class="com.huateng.base.task.service.impl.AtomicTaskServiceImpl">
        <property name="taskDao" ref="autoTaskDao" />
        <!-- 异步线程数配置 -->
        <property name="asynThreadCount" value="${user.asynThreadCount:30}" />
        <!-- 扫描补单线程数配置 -->
        <property name="compensateThreadCount" value="${user.compensateThreadCount:5}" />
    </bean>

    <task:scheduled-tasks>
        <!-- 未完成task补偿：每5分钟一次 -->
        <task:scheduled ref="autoTaskService" method="compensateNotCompleteTask" cron="0 0/5 * * * ?" />
        
        <!-- 扫描所有超时未下线记录：每1分钟第3秒跑一次 -->
        <task:scheduled ref="OnlineExpireComplementTask" method="add" cron="${user.breakComplementTask.cron:03 0/1 * * * ?}" />
    </task:scheduled-tasks>
	
</beans>
