<?xml version="1.0" encoding="UTF-8"?>
<beans xmlns="http://www.springframework.org/schema/beans"
       xmlns:xsi="http://www.w3.org/2001/XMLSchema-instance"
       xsi:schemaLocation="http://www.springframework.org/schema/beans http://www.springframework.org/schema/beans/spring-beans.xsd">
       
    <bean name="opLogTemplate" class="com.huateng.base.export.ExportTemplate">
		<!-- 文件的前缀 -->
		<property name="fileName" value="opLog"></property>
		<!-- 每个批次的查询数量 -->
		<property name="limit" value="200"></property>
		<!-- 自定义对数据的处理,可以在原有的数据上,增加数据的关联查询 -->
		<property name="translateCallback">
			<list>
				<bean class="com.huateng.base.export.ExportTranslateCallback">
					<!-- 原始的字段名 -->
					<property name="orgiFiledName" value="operName"></property>
					<!-- 查询以后,新的字段名,可以被表达式直接依赖 -->
					<property name="newFiledname" value="operUser"></property>
					<!-- 查询的回调方法 -->
					<property name="callback" value="com.huateng.user.web.translate.LoginNameTranslateCallback"></property>
				</bean>
			</list>
		</property>
		<property name="itemList">
			<list>
				<!-- 每个字段的配置,可以配置长度,颜色,名称以及对应数据集的匹配字段 -->
				<bean class="com.huateng.base.export.ExportTemplateItem">
					<property name="fieldName" value="id"></property>
					<property name="name" value="id"></property>
				</bean>
				
				<bean class="com.huateng.base.export.ExportTemplateItem">
					<property name="fieldName" value="title"></property>
					<property name="name" value="菜单名"></property>
				</bean>
				
				<bean class="com.huateng.base.export.ExportTemplateItem">
					<property name="fieldName" value="operRemark"></property>
					<property name="name" value="功能名"></property>
				</bean>
				
				<bean class="com.huateng.base.export.ExportTemplateItem">
					<property name="fieldName" value="operMethod"></property>
					<property name="name" value="方法"></property>
				</bean>
				
				<bean class="com.huateng.base.export.ExportTemplateItem">
					<property name="fieldName" value="operName"></property>
					<property name="name" value="操作人"></property>
				</bean>
				<bean class="com.huateng.base.export.ExportTemplateItem">
					<property name="fieldName" value="status"></property>
					<property name="name" value="操作结果"></property>
					<property name="dicName" value="sys_yes_no"></property>
				</bean>
				<bean class="com.huateng.base.export.ExportTemplateItem">
					<property name="fieldName" value="operUser.userName"></property>
					<property name="name" value="操作人名称"></property>
				</bean>
				<bean class="com.huateng.base.export.ExportTemplateItem">
					<property name="fieldName" value="operUser.email"></property>
					<property name="name" value="邮箱"></property>
				</bean>
				<bean class="com.huateng.base.export.ExportTemplateItem">
					<!-- 直接使用关联数据的字段 -->
					<property name="fieldName" value="operUser.sex"></property>
					<property name="name" value="性别"></property>
					<!-- 枚举值的使用 -->
					<property name="dicName" value="sys_user_sex"></property>
				</bean>
			</list>
		</property>
	</bean>
	
	<bean name="userInfoTemplate" class="com.huateng.base.export.ExportTemplate">
		<!-- 文件的前缀 -->
		<property name="fileName" value="userInfo"></property>
		<!-- 每个批次的查询数量 -->
		<property name="limit" value="200"></property>
		<property name="itemList">
			<list>
				<bean class="com.huateng.base.export.ExportTemplateItem">
					<property name="fieldName" value="id"></property>
					<property name="name" value="id"></property>
				</bean>
				
				<bean class="com.huateng.base.export.ExportTemplateItem">
					<property name="fieldName" value="tenantCode"></property>
					<property name="name" value="租户号"></property>
				</bean>
				
				<bean class="com.huateng.base.export.ExportTemplateItem">
					<property name="fieldName" value="deptCode"></property>
					<property name="name" value="所属机构"></property>
				</bean>
				
				<bean class="com.huateng.base.export.ExportTemplateItem">
					<property name="fieldName" value="loginName"></property>
					<property name="name" value="登录名"></property>
				</bean>
				
				<bean class="com.huateng.base.export.ExportTemplateItem">
					<property name="fieldName" value="userName"></property>
					<property name="name" value="用户昵称"></property>
				</bean>
				<bean class="com.huateng.base.export.ExportTemplateItem">
					<property name="fieldName" value="email"></property>
					<property name="name" value="邮箱"></property>
				</bean>
				<bean class="com.huateng.base.export.ExportTemplateItem">
					<property name="fieldName" value="phoneNumber"></property>
					<property name="name" value="手机号"></property>
				</bean>
				<bean class="com.huateng.base.export.ExportTemplateItem">
					<property name="fieldName" value="sex"></property>
					<property name="name" value="性别"></property>
					<property name="dicName" value="sys_user_sex"></property>
				</bean>
			</list>
		</property>
	</bean>
	
	<bean name="userFileTemplate" class="com.huateng.base.export.ExportTemplate">
		<!-- 文件的前缀 -->
		<property name="fileName" value="userFile"></property>
		<!-- 每个批次的查询数量 -->
		<property name="limit" value="200"></property>
		<property name="itemList">
			<list>
				<bean class="com.huateng.base.export.ExportTemplateItem">
					<property name="fieldName" value="id"></property>
					<property name="name" value="id"></property>
				</bean>
				
				<bean class="com.huateng.base.export.ExportTemplateItem">
					<property name="fieldName" value="name"></property>
					<property name="name" value="文件名"></property>
				</bean>
				
				<bean class="com.huateng.base.export.ExportTemplateItem">
					<property name="fieldName" value="type"></property>
					<property name="name" value="文件类型"></property>
				</bean>
				
				<bean class="com.huateng.base.export.ExportTemplateItem">
					<property name="fieldName" value="path"></property>
					<property name="name" value="存储标识"></property>
				</bean>
				
				<bean class="com.huateng.base.export.ExportTemplateItem">
					<property name="fieldName" value="createTime"></property>
					<property name="name" value="创建时间"></property>
				</bean>
			</list>
		</property>
	</bean>
	
    <bean name="ExportRegister" class="com.huateng.base.export.ExportRegister" factory-method="getInstance">
		<property name="templateMap">
			<map>
				<entry key="OpLog" value-ref="opLogTemplate"/>
				<entry key="UserInfo" value-ref="userInfoTemplate"/>
				<entry key="UserFile" value-ref="userFileTemplate"/>
			</map>
		</property>
	</bean>
</beans>