<?xml version="1.0" encoding="UTF-8"?>
<beans xmlns="http://www.springframework.org/schema/beans"
       xmlns:xsi="http://www.w3.org/2001/XMLSchema-instance"
       xmlns:context="http://www.springframework.org/schema/context"
       xsi:schemaLocation="http://www.springframework.org/schema/beans http://www.springframework.org/schema/beans/spring-beans.xsd
       http://www.springframework.org/schema/context http://www.springframework.org/schema/context/spring-context.xsd">
       
    <!-- springContext存在子父容器的关系,这边需要再次扫描配置文件 -->
	<!-- 这边的配置文件使用外部注入的方式,也可以直接使用classpath注入,配置文件主要和环境相关,我们认为一个war包+不同的配置文件=不同的环境 -->
    <bean name="configProperties" class="com.huateng.common.utils.PropertyLoader" factory-method="getInstance">
    	<property name="locations">
    		<list>
    			<value>classpath:config/conf*.properties</value>
    			<value>file:${scubeDir:/}apps/config/authority-app/*.properties</value>
    		</list>
    	</property>
    </bean>
	
</beans>