<?xml version="1.0" encoding="UTF-8"?>
<beans xmlns="http://www.springframework.org/schema/beans"
       xmlns:xsi="http://www.w3.org/2001/XMLSchema-instance"
       xmlns:context="http://www.springframework.org/schema/context"
       xsi:schemaLocation="http://www.springframework.org/schema/beans http://www.springframework.org/schema/beans/spring-beans.xsd
       http://www.springframework.org/schema/context http://www.springframework.org/schema/context/spring-context.xsd">
       
    <bean class="org.mybatis.spring.mapper.MapperScannerConfigurer">
        <property name="basePackage" value="com.huateng.user.dal.dao" />
        <property name="sqlSessionFactoryBeanName" value="sqlSessionFactory"></property>
    </bean>

    <bean id="sqlSessionFactory" class="org.mybatis.spring.SqlSessionFactoryBean" primary="true">
        <property name="dataSource" ref="dataSource" />
        <!-- 自动扫描mapping.xml文件 -->
        <property name="mapperLocations" value="classpath:user/**/*.xml"></property>
        <property name="plugins">
        	<list>
        		<ref bean="pageInterceptor"/>
        	</list>
        </property>
    </bean>
    <bean id="pageInterceptor" class="com.huateng.base.mybatis.interceptor.PageInterceptor">
		<property name="commonExecutor" ref="commonExecutor">
		</property>
	</bean>
	
	<bean id="commonExecutor" class="com.huateng.base.mybatis.executor.CommonExecutor">
		<property name="keyType" value="${idStrategy:MEM}"/>
		<!-- 
		<property name="tableMap">
			<map>
				<entry key="AUTH_AUDIT_LOG">
					<value>SEQ</value>
				</entry>
			</map>
		</property>
		 -->
		<property name="forceAfter" value="true"></property>
	</bean>
	
	<bean name="strategyService" class="com.huateng.base.mybatis.strategy.StrategyService" factory-method="getInstance">
		<property name="strategySet">
			<set>
				<bean class="com.huateng.base.mybatis.strategy.FunctionIdStrategy">
					<property name="dataSource" ref="dataSource"></property>
				</bean>
				<bean class="com.huateng.base.mybatis.strategy.SequenceIdStrategy">
					<property name="dataSource" ref="dataSource"></property>
					<property name="sequenceNumber" value="30"></property>
				</bean>
				<bean class="com.huateng.base.mybatis.strategy.SnowFlackStrategy">
				</bean>
			</set>
		</property>
	</bean>
	
</beans>