<?xml version="1.0" encoding="UTF-8"?>
<beans xmlns="http://www.springframework.org/schema/beans"
       xmlns:xsi="http://www.w3.org/2001/XMLSchema-instance"
       xmlns:context="http://www.springframework.org/schema/context"
       xsi:schemaLocation="http://www.springframework.org/schema/beans http://www.springframework.org/schema/beans/spring-beans.xsd
       http://www.springframework.org/schema/context http://www.springframework.org/schema/context/spring-context.xsd">
       
	<!-- 登录信息访问单例 -->
    <bean class="com.huateng.user.api.client.SSOClientUtils" factory-method="getInstance">
        <property name="storageService" ref="storageService"/>
    </bean>
    
    <!-- 登录SSOFilter -->
    <bean id="SSOFilter" class="com.huateng.user.web.filter.SSOFilter" />
    <!-- tokenservice的实现 -->
    <bean name="tokenService" class="com.huateng.user.core.security.impl.InnerTokenServiceImpl" />
    
    <!-- 登录信息的存储服务 -->
    <!-- 配置cache存储,需要依赖cacheManager,详细请看cache文件夹内的配置 -->
    <!-- <bean name="storageService" class="com.huateng.user.web.security.SessionStorageService" /> -->
    <bean name="storageService" class="com.huateng.user.core.security.impl.CacheManagerStorageServiceImpl" />
    
    <!-- 用户密码校验服务 -->
    <!-- 当出现不是到本地数据库中校验,可以重写该类 -->
    <bean name="ssoUserService" class="com.huateng.user.core.security.impl.SSOUserServiceImpl" />
    	
</beans>