<?xml version="1.0" encoding="UTF-8" ?>
<!DOCTYPE mapper PUBLIC "-//mybatis.org//DTD Mapper 3.0//EN" "http://mybatis.org/dtd/mybatis-3-mapper.dtd" >
<mapper namespace="com.huateng.user.dal.dao.ext.ExtDeptInfoMapper" >
  
  <resultMap id="BaseResultMap" type="com.huateng.user.dal.model.DeptInfo" >
    <id column="ID" property="id" jdbcType="VARCHAR" />
    <result column="TENANT_ID" property="tenantId" jdbcType="VARCHAR" />
    <result column="PARENT_ID" property="parentId" jdbcType="VARCHAR" />
    <result column="ANCESTORS" property="ancestors" jdbcType="VARCHAR" />
    <result column="DEPT_NAME" property="deptName" jdbcType="VARCHAR" />
    <result column="ORDER_NUM" property="orderNum" jdbcType="DECIMAL" />
    <result column="LEADER" property="leader" jdbcType="VARCHAR" />
    <result column="PHONE" property="phone" jdbcType="VARCHAR" />
    <result column="EMAIL" property="email" jdbcType="VARCHAR" />
    <result column="STATUS" property="status" jdbcType="DECIMAL" />
    <result column="DEL_FLAG" property="delFlag" jdbcType="DECIMAL" />
    <result column="CREATE_BY" property="createBy" jdbcType="VARCHAR" />
    <result column="CREATE_TIME" property="createTime" jdbcType="TIMESTAMP" />
    <result column="UPDATE_BY" property="updateBy" jdbcType="VARCHAR" />
    <result column="UPDATE_TIME" property="updateTime" jdbcType="TIMESTAMP" />
  </resultMap>
  
  <update id="updateDeptChildren" parameterType="java.util.List">
    UPDATE SYS_DEPT_INFO SET ANCESTORS =
    <foreach collection="depts" item="item" index="index"
        separator=" " open="case ID" close="end">
        when #{item.id} then #{item.ancestors}
    </foreach>
    WHERE ID IN
    <foreach collection="depts" item="item" index="index"
        separator="," open="(" close=")">
        #{item.id}
    </foreach>
  </update>
  
  <select id="selectRoleDeptTree" parameterType="String" resultType="String">
    SELECT CONCAT(D.ID, D.DEPT_NAME) AS DEPT_NAME
    FROM SYS_DEPT_INFO D
        LEFT JOIN SYS_ROLE_DEPT_INFO RD ON D.ID = RD.DEPT_ID
    WHERE D.DEL_FLAG = 1 AND RD.ROLE_ID = #{roleId} 
    UNION (
        SELECT
            CONCAT(T.ID, T.TENANT_NAME) AS DEPT_NAME
        FROM
            SYS_TENANT_INFO T 
            LEFT JOIN SYS_ROLE_DEPT_INFO RD2 ON T.ID = RD2.DEPT_ID
        WHERE T.DEL_FLAG = 1 AND RD2.ROLE_ID = #{roleId})
  </select>
  
  <select id="selectDeptTree" parameterType="com.huateng.user.dal.model.DeptInfo" resultMap="BaseResultMap">
    SELECT * FROM SYS_DEPT_INFO WHERE DEL_FLAG = 1 
    <if test="deptName != null and deptName != ''">
        AND DEPT_NAME LIKE CONCAT(CONCAT('%', #{deptName}), '%')
    </if>
    <if test="tenantId != null and tenantId != ''">
        AND TENANT_ID = #{tenantId}
    </if>
    <if test="status != null and status != ''">
        AND STATUS = #{status}
    </if>
    <if test="id != null and id != ''">
        AND (ID = #{id} OR ANCESTORS LIKE CONCAT(CONCAT('%,', #{id}), '%'))
    </if>
    ORDER BY ORDER_NUM ASC
  </select>
  
  <select id="selectDeptIdsByAccessorId" parameterType="java.lang.String" resultType="java.lang.String">
    SELECT * FROM SYS_DEPT_INFO WHERE DEL_FLAG = 1 
    AND (ID = #{accessorId} OR ANCESTORS LIKE CONCAT(CONCAT('%,', #{accessorId}), '%'))
  </select>
  
</mapper>