<?xml version="1.0" encoding="UTF-8" ?>
<!DOCTYPE mapper PUBLIC "-//mybatis.org//DTD Mapper 3.0//EN" "http://mybatis.org/dtd/mybatis-3-mapper.dtd" >
<mapper namespace="com.huateng.user.dal.dao.ext.ExtMenuInfoMapper" >
	<resultMap id="BaseResultMap" type="com.huateng.user.dal.model.MenuInfo">
		<id column="ID" property="id" jdbcType="VARCHAR" />
		<result column="MENU_NAME" property="menuName" jdbcType="VARCHAR" />
		<result column="PARENT_ID" property="parentId" jdbcType="VARCHAR" />
		<result column="ORDER_NUM" property="orderNum" jdbcType="DECIMAL" />
		<result column="URL" property="url" jdbcType="VARCHAR" />
		<result column="MENU_TYPE" property="menuType" jdbcType="DECIMAL" />
		<result column="VISIBLE" property="visible" jdbcType="DECIMAL" />
		<result column="PERMS" property="perms" jdbcType="VARCHAR" />
		<result column="ICON" property="icon" jdbcType="VARCHAR" />
		<result column="CREATE_BY" property="createBy" jdbcType="VARCHAR" />
		<result column="CREATE_TIME" property="createTime" jdbcType="TIMESTAMP" />
		<result column="UPDATE_BY" property="updateBy" jdbcType="VARCHAR" />
		<result column="UPDATE_TIME" property="updateTime" jdbcType="TIMESTAMP" />
		<result column="REMARK" property="remark" jdbcType="VARCHAR" />
	</resultMap>
	
	<!-- 只允许非admin用户使用，排除租户的菜单功能 -->
    <sql id="userUnionMenuSql">
        FROM SYS_MENU_INFO M
             LEFT JOIN SYS_ROLE_MENU_INFO RM ON M.ID = RM.MENU_ID
             LEFT JOIN SYS_USER_ROLE_INFO UR ON RM.ROLE_ID = UR.ROLE_ID
             LEFT JOIN SYS_ROLE_INFO RO ON UR.ROLE_ID = RO.ID
        WHERE UR.USER_ID = #{userId} AND UR.DEPT_ID = #{deptId} AND M.VISIBLE = #{visible} 
        AND RO.STATUS = #{status} AND M.ID != #{menuId} AND M.PARENT_ID != #{menuParentId} 
    </sql>
    
    <select id="findMenuByUserId" parameterType="java.util.HashMap" resultMap="BaseResultMap">
        SELECT DISTINCT M.*
        <include refid="userUnionMenuSql" />
        AND M.MENU_TYPE IN 
        <foreach collection="menuType" item="item" open="(" close=")" separator="," >
            #{item}
        </foreach>
        ORDER BY M.PARENT_ID, M.ORDER_NUM
    </select>

    <select id="selectPermsByUserId" parameterType="java.util.HashMap" resultType="String">
        SELECT DISTINCT M.PERMS
        <include refid="userUnionMenuSql" />
    </select>
	
	<select id="selectAllPerms" resultType="String">
		SELECT DISTINCT M.PERMS
		FROM SYS_MENU_INFO M
	</select>
	
    <select id="selectMenuTree" parameterType="String" resultType="String">
        SELECT M.ID
        FROM SYS_MENU_INFO M
            LEFT JOIN SYS_ROLE_MENU_INFO RM ON M.ID = RM.MENU_ID
        WHERE RM.ROLE_ID = #{roleId}
        ORDER BY M.PARENT_ID, M.ORDER_NUM
    </select>
	
</mapper>