<?xml version="1.0" encoding="UTF-8" ?>
<!DOCTYPE mapper PUBLIC "-//mybatis.org//DTD Mapper 3.0//EN" "http://mybatis.org/dtd/mybatis-3-mapper.dtd" >
<mapper namespace="com.huateng.user.dal.dao.ext.ExtPostInfoMapper">
	<resultMap id="BaseResultMap" type="com.huateng.user.dal.model.PostInfo">
		<id column="ID" property="id" jdbcType="VARCHAR" />
		<result column="POST_CODE" property="postCode" jdbcType="VARCHAR" />
		<result column="POST_NAME" property="postName" jdbcType="VARCHAR" />
		<result column="POST_SORT" property="postSort" jdbcType="DECIMAL" />
		<result column="STATUS" property="status" jdbcType="DECIMAL" />
		<result column="CREATE_BY" property="createBy" jdbcType="VARCHAR" />
		<result column="CREATE_TIME" property="createTime" jdbcType="TIMESTAMP" />
		<result column="UPDATE_BY" property="updateBy" jdbcType="VARCHAR" />
		<result column="UPDATE_TIME" property="updateTime" jdbcType="TIMESTAMP" />
		<result column="REMARK" property="remark" jdbcType="VARCHAR" />
	</resultMap>
	<sql id="Base_Column_List">
		ID, POST_CODE, POST_NAME, POST_SORT, STATUS, CREATE_BY, CREATE_TIME, UPDATE_BY, UPDATE_TIME, REMARK
	</sql>

	<select id="selectPostsByUserId" parameterType="String" resultMap="BaseResultMap">
		SELECT P.ID, P.POST_NAME, P.POST_CODE
		FROM SYS_USER_INFO U
		  LEFT JOIN SYS_USER_POST_INFO UP ON U.ID = UP.USER_ID
		  LEFT JOIN SYS_POST_INFO P ON UP.POST_ID = P.ID
		WHERE UP.USER_ID = #{userId}
	</select>
</mapper>