<?xml version="1.0" encoding="UTF-8" ?>
<!DOCTYPE mapper PUBLIC "-//mybatis.org//DTD Mapper 3.0//EN" "http://mybatis.org/dtd/mybatis-3-mapper.dtd" >
<mapper namespace="com.huateng.user.dal.dao.ext.ExtRoleInfoMapper">
	<resultMap id="BaseResultMap" type="com.huateng.user.dal.model.RoleInfo">
		<id column="ID" property="id" jdbcType="VARCHAR" />
		<result column="TENANT_ID" property="tenantId" jdbcType="VARCHAR" />
		<result column="ROLE_NAME" property="roleName" jdbcType="VARCHAR" />
		<result column="ROLE_KEY" property="roleKey" jdbcType="VARCHAR" />
		<result column="ROLE_SORT" property="roleSort" jdbcType="DECIMAL" />
		<result column="DATA_SCOPE" property="dataScope" jdbcType="DECIMAL" />
		<result column="STATUS" property="status" jdbcType="DECIMAL" />
		<result column="DEL_FLAG" property="delFlag" jdbcType="DECIMAL" />
		<result column="CREATE_BY" property="createBy" jdbcType="VARCHAR" />
		<result column="CREATE_TIME" property="createTime" jdbcType="TIMESTAMP" />
		<result column="UPDATE_BY" property="updateBy" jdbcType="VARCHAR" />
		<result column="UPDATE_TIME" property="updateTime" jdbcType="TIMESTAMP" />
		<result column="REMARK" property="remark" jdbcType="VARCHAR" />
	</resultMap>
	<sql id="Example_Where_Clause">
		<where>
			<foreach collection="oredCriteria" item="criteria" separator="or">
				<if test="criteria.valid">
					<trim prefix="(" suffix=")" prefixOverrides="and">
						<foreach collection="criteria.criteria" item="criterion">
							<choose>
								<when test="criterion.noValue">
									and ${criterion.condition}
								</when>
								<when test="criterion.singleValue">
									and ${criterion.condition} #{criterion.value}
								</when>
								<when test="criterion.betweenValue">
									and ${criterion.condition} #{criterion.value} and #{criterion.secondValue}
								</when>
								<when test="criterion.listValue">
									and ${criterion.condition}
									<foreach collection="criterion.value" item="listItem" open="(" close=")" separator=",">
										#{listItem}
									</foreach>
								</when>
							</choose>
						</foreach>
					</trim>
				</if>
			</foreach>
		</where>
	</sql>

	<sql id="selectRoleContactVo">
		SELECT DISTINCT R.ID, R.ROLE_NAME, R.ROLE_KEY, R.ROLE_SORT, R.DATA_SCOPE,
            R.STATUS, R.DEL_FLAG, R.CREATE_TIME, R.REMARK 
        FROM SYS_ROLE_INFO R
            LEFT JOIN SYS_USER_ROLE_INFO UR ON UR.ROLE_ID = R.ID
            LEFT JOIN SYS_USER_INFO U ON U.ID = UR.USER_ID
            LEFT JOIN SYS_DEPT_INFO D ON D.ID = UR.DEPT_ID
	</sql>

	<select id="selectRolesByUserId" parameterType="HashMap" resultMap="BaseResultMap">
		<include refid="selectRoleContactVo" />
		WHERE R.DEL_FLAG = #{delFlag} AND R.STATUS = #{status} AND UR.USER_ID = #{userId} 
		<if test="deptId != null and deptId != ''">
		AND UR.DEPT_ID = #{deptId}
		</if>
		
	</select>
</mapper>