<?xml version="1.0" encoding="UTF-8" ?>
<!DOCTYPE mapper PUBLIC "-//mybatis.org//DTD Mapper 3.0//EN" "http://mybatis.org/dtd/mybatis-3-mapper.dtd" >
<mapper namespace="com.huateng.user.dal.dao.ext.ExtUserInfoMapper">
	<resultMap id="BasicResultMap" type="com.huateng.user.dal.model.UserInfo">
        <id column="ID" property="id" jdbcType="VARCHAR" />
        <result column="TENANT_ID" property="tenantId" jdbcType="VARCHAR" />
        <result column="DEPT_ID" property="deptId" jdbcType="VARCHAR" />
        <result column="LOGIN_NAME" property="loginName" jdbcType="VARCHAR" />
        <result column="USER_NAME" property="userName" jdbcType="VARCHAR" />
        <result column="USER_TYPE" property="userType" jdbcType="DECIMAL" />
        <result column="EMAIL" property="email" jdbcType="VARCHAR" />
        <result column="PHONE_NUMBER" property="phoneNumber" jdbcType="VARCHAR" />
        <result column="SEX" property="sex" jdbcType="DECIMAL" />
        <result column="AVATAR" property="avatar" jdbcType="VARCHAR" />
        <result column="PASSWORD" property="password" jdbcType="VARCHAR" />
        <result column="SALT" property="salt" jdbcType="VARCHAR" />
        <result column="STATUS" property="status" jdbcType="DECIMAL" />
        <result column="DEL_FLAG" property="delFlag" jdbcType="DECIMAL" />
        <result column="CREATE_BY" property="createBy" jdbcType="VARCHAR" />
        <result column="CREATE_TIME" property="createTime" jdbcType="TIMESTAMP" />
        <result column="UPDATE_BY" property="updateBy" jdbcType="VARCHAR" />
        <result column="UPDATE_TIME" property="updateTime" jdbcType="TIMESTAMP" />
        <result column="REMARK" property="remark" jdbcType="VARCHAR" />
    </resultMap>
	
	<resultMap id="UserInfoResultMap" type="com.huateng.user.dal.model.ext.ExtUserInfo">
		<id column="ID" property="id" jdbcType="VARCHAR" />
		<result column="TENANT_ID" property="tenantId" jdbcType="VARCHAR" />
		<result column="DEPT_ID" property="deptId" jdbcType="VARCHAR" />
		<result column="DEPT_CODE" property="deptCode" jdbcType="VARCHAR" />
		<result column="LOGIN_NAME" property="loginName" jdbcType="VARCHAR" />
		<result column="USER_NAME" property="userName" jdbcType="VARCHAR" />
		<result column="USER_TYPE" property="userType" jdbcType="DECIMAL" />
		<result column="EMAIL" property="email" jdbcType="VARCHAR" />
		<result column="PHONE_NUMBER" property="phoneNumber" jdbcType="VARCHAR" />
		<result column="SEX" property="sex" jdbcType="DECIMAL" />
		<result column="AVATAR" property="avatar" jdbcType="VARCHAR" />
		<result column="PASSWORD" property="password" jdbcType="VARCHAR" />
		<result column="SALT" property="salt" jdbcType="VARCHAR" />
		<result column="STATUS" property="status" jdbcType="DECIMAL" />
		<result column="DEL_FLAG" property="delFlag" jdbcType="DECIMAL" />
		<result column="CREATE_BY" property="createBy" jdbcType="VARCHAR" />
		<result column="CREATE_TIME" property="createTime" jdbcType="TIMESTAMP" />
		<result column="UPDATE_BY" property="updateBy" jdbcType="VARCHAR" />
		<result column="UPDATE_TIME" property="updateTime" jdbcType="TIMESTAMP" />
		<result column="REMARK" property="remark" jdbcType="VARCHAR" />
		<association column="DEPT_ID" property="dept" javaType="com.huateng.user.dal.model.DeptInfo" resultMap="deptResult" />
		<collection property="roles" javaType="java.util.List" resultMap="RoleResult" />
	</resultMap>

	<resultMap id="deptResult" type="com.huateng.user.dal.model.DeptInfo">
		<id column="ID" property="id" />
		<result column="PARENT_ID" property="parentId" />
		<result column="DEPT_NAME" property="deptName" />
		<result column="ORDER_NUM" property="orderNum" />
		<result column="STATUS" property="status" />
	</resultMap>

	<resultMap id="RoleResult" type="com.huateng.user.dal.model.RoleInfo">
		<id column="ID" property="id" />
		<result column="ROLE_NAME" property="roleName" />
		<result column="ROLE_KEY" property="roleKey" />
		<result column="ROLE_SORT" property="roleSort" />
		<result column="DATA_SCOPE" property="dataScope" />
		<result column="STATUS" property="status" />
	</resultMap>
	
	<resultMap id="UserDeptResultMap" type="com.huateng.user.dal.model.ext.ExtUserDeptInfo">
        <id column="USER_ID" property="userId" jdbcType="VARCHAR" />
        <result column="USER_NAME" property="userName" jdbcType="VARCHAR" />
        <result column="DEPT_ID" property="deptId" jdbcType="VARCHAR" />
        <result column="DEPT_NAME" property="deptName" jdbcType="VARCHAR" />
    </resultMap>

    <sql id="Base_Column_List" >
	    U.ID, U.TENANT_ID, U.DEPT_ID,U.DEPT_CODE, U.LOGIN_NAME, U.USER_NAME, U.USER_TYPE, U.EMAIL, U.PHONE_NUMBER, U.SEX, 
	    U.AVATAR, U.PASSWORD, U.SALT, U.STATUS, U.DEL_FLAG, U.CREATE_BY, U.CREATE_TIME, U.UPDATE_BY, U.UPDATE_TIME, 
	    U.REMARK
	</sql>
  
	<sql id="selectUserInfo">
		SELECT  U.ID, U.DEPT_ID, U.LOGIN_NAME, U.USER_NAME, U.EMAIL, U.PHONE_NUMBER, U.SEX, U.AVATAR, U.PASSWORD, U.SALT, U.STATUS, U.DEL_FLAG, U.CREATE_TIME, U.REMARK,
                D.ID, D.PARENT_ID, D.DEPT_NAME, D.ORDER_NUM, D.STATUS AS DEPT_STATUS,
                R.ID, R.ROLE_NAME, R.ROLE_KEY, R.ROLE_SORT, R.DATA_SCOPE, R.STATUS AS ROLE_STATUS
        FROM SYS_USER_INFO U
             LEFT JOIN SYS_DEPT_INFO D ON U.DEPT_ID = D.ID
             LEFT JOIN SYS_USER_ROLE_INFO UR ON U.ID = UR.USER_ID
             LEFT JOIN SYS_ROLE_INFO R ON R.ID = UR.ROLE_ID
	</sql>
	
	<sql id="selectExtUserUnionWhere">
	    <if test="loginName != null and loginName != ''">
            AND U.LOGIN_NAME LIKE CONCAT(CONCAT('%', #{loginName}), '%')
        </if>
        <if test="userName != null and userName != ''">
            AND U.USER_NAME LIKE CONCAT(CONCAT('%', #{userName}), '%')
        </if>
        <if test="deptName != null and deptName != ''">
            AND D.DEPT_NAME LIKE CONCAT(CONCAT('%', #{deptName}), '%')
        </if>
        <if test="status != null">
            AND U.STATUS = #{status}
        </if>
        <if test="phoneNumber != null and phoneNumber != ''">
            AND U.PHONE_NUMBER LIKE CONCAT(CONCAT('%', #{phoneNumber}), '%')
        </if>
        <if test="beginTime != null"><!-- 开始时间检索 -->
            AND U.CREATE_TIME &gt;= #{beginTime}
        </if>
        <if test="endTime != null"><!-- 结束时间检索 -->
            AND U.CREATE_TIME &lt;= #{endTime}
        </if>
        <if test="deptId != null and deptId != '0'.toString()">
            AND (U.DEPT_ID = #{deptId} OR D.ANCESTORS LIKE CONCAT(CONCAT('%', #{deptId}), '%'))
        </if>
        <if test="deptIds != null ">
            AND (
		            (
		            U.DEPT_ID in 
		            <foreach collection="deptIds" item="item" index="index"
				        separator="," open="(" close=")">
				        #{item}
				    </foreach>
				    ) or (
					D.TENANT_ID in 
		            <foreach collection="deptIds" item="item" index="index"
				        separator="," open="(" close=")">
				        #{item}
				    </foreach>		    	
				    )
		    )
        </if>
        ORDER BY U.CREATE_TIME DESC
	</sql>
	<select id="selectUserListByPage" resultMap="UserInfoResultMap" parameterType="java.util.HashMap">
		SELECT
		<include refid="Base_Column_List" />
		, D.DEPT_NAME
		FROM SYS_USER_INFO U LEFT JOIN SYS_DEPT_INFO D ON U.DEPT_ID = D.ID
		WHERE LOGIN_NAME != #{superUser} AND U.DEL_FLAG = #{delFlag}
		<include refid="selectExtUserUnionWhere" />
	</select>

	<select id="selectUserDetailsById" parameterType="String" resultMap="UserInfoResultMap">
		<include refid="selectUserInfo" />
		where U.ID = #{userId}
	</select>
	
	<select id="selectUserList" resultMap="BasicResultMap" parameterType="java.util.HashMap">
        SELECT
        <include refid="Base_Column_List" />
        FROM SYS_USER_INFO U LEFT JOIN SYS_DEPT_INFO D ON U.DEPT_ID = D.ID
        WHERE LOGIN_NAME != #{superUser} AND U.DEL_FLAG = #{delFlag}
        <include refid="selectExtUserUnionWhere" />
    </select>
    
    <select id="selectUserDeptListByPage" resultMap="UserDeptResultMap" parameterType="java.util.HashMap">
        SELECT U.ID USER_ID, U.USER_NAME, U.DEPT_ID, D.DEPT_NAME 
        FROM SYS_USER_INFO U LEFT JOIN SYS_DEPT_INFO D ON U.DEPT_ID = D.ID 
        WHERE LOGIN_NAME != #{superUser} AND U.DEL_FLAG = #{delFlag}
        <include refid="selectExtUserUnionWhere" />
    </select>
	
</mapper>