<?xml version="1.0" encoding="UTF-8" ?>
<!DOCTYPE mapper PUBLIC "-//mybatis.org//DTD Mapper 3.0//EN" "http://mybatis.org/dtd/mybatis-3-mapper.dtd" >
<mapper namespace="com.huateng.user.dal.dao.ext.ExtUserDeptInfoMapper">
	<resultMap id="BaseResultMap" type="com.huateng.user.dal.model.ext.ExtUserDeptInfo">
		<result column="USER_ID" property="userId" jdbcType="VARCHAR" />
		<result column="USER_NAME" property="userName" jdbcType="VARCHAR" />
		<result column="DEPT_ID" property="deptId" jdbcType="VARCHAR" />
		<result column="DEPT_NAME" property="deptName" jdbcType="VARCHAR" />
	</resultMap>

    <sql id="commonQuerySql">
        SELECT UR.USER_ID, U.USER_NAME, UR.DEPT_ID, D.DEPT_NAME
        FROM (SELECT DISTINCT USER_ID, DEPT_ID FROM SYS_USER_ROLE_INFO) UR
        LEFT JOIN SYS_USER_INFO U ON UR.USER_ID = U.ID
        LEFT JOIN SYS_DEPT_INFO D ON UR.DEPT_ID = D.ID
        WHERE U.DEL_FLAG = 1 AND U.STATUS = 1 AND D.DEL_FLAG = 1 AND D.STATUS = 1
        <if test="userId != null and userId != ''">
            AND UR.USER_ID = #{userId}
        </if>
        <if test="userName != null and userName != ''">
            AND U.USER_NAME LIKE CONCAT(CONCAT('%', #{userName}), '%')
        </if>
        <if test="deptName != null and deptName != ''">
            AND D.DEPT_NAME LIKE CONCAT(CONCAT('%', #{deptName}), '%')
        </if>
    </sql>

    <select id="countByUserIdDistinct" parameterType="java.lang.String" resultType="java.lang.Integer">
        SELECT COUNT(1) FROM (SELECT DISTINCT USER_ID, DEPT_ID FROM SYS_USER_ROLE_INFO WHERE USER_ID = #{userId}) T
    </select>

	<select id="queryByPage" parameterType="java.util.HashMap" resultMap="BaseResultMap">
        <include refid="commonQuerySql" />
        <if test="deptId != null and deptId != ''">
            AND UR.DEPT_ID = #{deptId}
        </if>
        ORDER BY UR.DEPT_ID
    </select>

    <select id="queryWithSubByPage" parameterType="java.util.HashMap" resultMap="BaseResultMap">
        <include refid="commonQuerySql" />
        <!-- 排除所属机构 -->
        AND U.DEPT_ID != UR.DEPT_ID
        <!-- 限定查询子集机构 -->
        <if test="deptId != null and deptId != '0'.toString()">
            AND (D.ID = #{deptId} or D.ANCESTORS LIKE CONCAT(CONCAT('%', #{deptId}), '%'))
        </if>
        ORDER BY UR.DEPT_ID
    </select>
	
	<select id="queryRoleIds" parameterType="java.util.HashMap" resultType="java.lang.String">
        SELECT ROLE_ID FROM SYS_USER_ROLE_INFO 
        WHERE USER_ID = #{userId} AND DEPT_ID = #{deptId}
    </select>
    
    <select id="selectDistinctUserDept" parameterType="java.lang.String" resultType="java.lang.String">
        SELECT DISTINCT DEPT_ID FROM SYS_USER_ROLE_INFO WHERE USER_ID = #{userId}
    </select>

</mapper>