<?xml version="1.0" encoding="UTF-8"?>
<!--示例 XML 文件由 XMLSpy v2006 U 创建 (http://www.altova.com)-->
<Document xmlns="urn:cnaps:std:beps:2010:tech:xsd:beps.131.001.01" xmlns:xsi="http://www.w3.org/2001/XMLSchema-instance">
	<RealTmCstmrDrctDbt>
		<PKGGrpHdr>
			<MsgId>2010101000001263</MsgId>
			<CreDtTm>2010-10-10T09:30:30</CreDtTm>
			<InstgPty>
				<InstgDrctPty>308581000106</InstgDrctPty>
			</InstgPty>
			<InstdPty>
				<InstdDrctPty>104100004370</InstdDrctPty>
			</InstdPty>
			<NbOfTxs>1</NbOfTxs>
			<CtrlSum Ccy="CNY">20000.00</CtrlSum>
			<SysCd>BEPS</SysCd>
			<Rmk>测试测试测试测试</Rmk>
		</PKGGrpHdr>
		<RealTmCstmrDrctDbtInf>
			<EndToEndId>102222321112312312</EndToEndId>
			<TxId>2010101000002201</TxId>
			<Dbtr>
				<Nm>李</Nm>
				<PstlAdr>
					<AdrLine>地址地址地址</AdrLine>	
				</PstlAdr>
			</Dbtr>
			<DbtrAcct>
				<Id>
					<Othr>
						<Id>2310230111201111210123100010231</Id>
						<Issr>104100004370</Issr>
					</Othr>
				</Id>
			</DbtrAcct>
			<DbtrAgt>
				<BrnchId>
					<Id>104100004370</Id>
				</BrnchId>
			</DbtrAgt>
			<CdtrAgt>
				<BrnchId>
					<Id>308581000106</Id>
				</BrnchId>
			</CdtrAgt>
			<Cdtr>
				<Nm>黎</Nm>
				<PstlAdr>
					<AdrLine>地址地址地址</AdrLine>	
				</PstlAdr>
			</Cdtr>
			<CdtrAcct>
				<Id>
					<Othr>
						<Id>2310230111201111210123100010111</Id>
						<Issr>308581000106</Issr>
					</Othr>
				</Id>
			</CdtrAcct>
			<Amt Ccy="CNY">20000.00</Amt>
			<PmtTpInf>
				<CtgyPurp>
					<Prtry>D102</Prtry>
				</CtgyPurp>
			</PmtTpInf>
			<Purp>
				<Prtry>03302</Prtry>
			</Purp>
		</RealTmCstmrDrctDbtInf>
	</RealTmCstmrDrctDbt>
</Document>
