<?xml version="1.0" encoding="UTF-8"?>
<Document xmlns="urn:cnaps:std:beps:2010:tech:xsd:beps.381.001.01">
	<BtchColltnChrgsRspn>
		<GrpHdr>
			<MsgId>2010101000001278</MsgId>
			<CreDtTm>2011-01-30T09:31:47</CreDtTm>
			<InstgPty>
				<InstgDrctPty>103100000118</InstgDrctPty>
				<InstgPty>103100000118</InstgPty>
			</InstgPty>
			<InstdPty>
				<InstdDrctPty>103100000018</InstdDrctPty>
				<InstdPty>103100000018</InstdPty>
			</InstdPty>
			<SysCd>BEPS</SysCd>
			<Rmk>批量代收业务回执报文</Rmk>
		</GrpHdr>
		<OrgnlMsgInf>
			<OrgnlMsgId>2010101000001271</OrgnlMsgId>
			<OrgnlInstgPty>103100000018</OrgnlInstgPty>
			<OrgnlBtchNb>0000001</OrgnlBtchNb>
			<OrgnlTrnsmtDt>2010-09-01</OrgnlTrnsmtDt>
			<OrgnlRtrLtd>2</OrgnlRtrLtd>
			<OrgnlTtlAmt Ccy="CNY">3.14</OrgnlTtlAmt>
			<OrgnlTtlNb>1</OrgnlTtlNb>
		</OrgnlMsgInf>
		<NPCPrcInf>
			<PrcSts>PR03</PrcSts>
			<PrcCd>BE1I0000</PrcCd>
		</NPCPrcInf>
		<BtchColltnChrgsRspnInf>
			<RcvgTtlAmt Ccy="CNY">3.14</RcvgTtlAmt>
			<RcvgTtlNb>1</RcvgTtlNb>
			<OrgnlTxTpCd>A100</OrgnlTxTpCd>
			<CdtrAgt>
				<BrnchId>
					<Id>103100000218</Id>
				</BrnchId>
			</CdtrAgt>
			<Cdtr>
				<Nm>克里斯特尔斯</Nm>
			</Cdtr>
			<CdtrAcct>
				<Id>
					<Othr>
						<Id>20110129guanjun</Id>
					</Othr>
				</Id>
			</CdtrAcct>
			<RcvgDtls>
				<RspnInf>
					<Sts>PR00</Sts>
					<RjctCd>Stri</RjctCd>
					<RjctInf>String</RjctInf>
					<PrcPty>String</PrcPty>
				</RspnInf>
				<TxId>0</TxId>
				<Dbtr>
					<Nm>李娜</Nm>
				</Dbtr>
				<DbtrAcct>
					<Id>
						<Othr>
							<Id>20110129wenwang</Id>
						</Othr>
					</Id>
				</DbtrAcct>
				<BrnchId>103100000118</BrnchId>
				<Amt Ccy="CNY">3.14</Amt>
				<OrgnlCtgyPurpCd>00100</OrgnlCtgyPurpCd>
				<AddtlInf>String</AddtlInf>
			</RcvgDtls>
		</BtchColltnChrgsRspnInf>
	</BtchColltnChrgsRspn>
</Document>
