<?xml version="1.0" encoding="UTF-8"?>
<Document xmlns="urn:cnaps:std:beps:2010:tech:xsd:beps.384.001.02">
	<RealTmColltnChrgs>
		<GrpHdr>
			<MsgId>2010101000001271</MsgId>
			<CreDtTm>2011-01-30T09:30:47</CreDtTm>
			<InstgPty>
				<InstgDrctPty>103100000018</InstgDrctPty>
				<InstgPty>103100000018</InstgPty>
			</InstgPty>
			<InstdPty>
				<InstdDrctPty>103100000118</InstdDrctPty>
				<InstdPty>103100000118</InstdPty>
			</InstdPty>
			<SysCd>BEPS</SysCd>
			<Rmk>实时代收业务报文</Rmk>
		</GrpHdr>
		<RealTmColltnChrgsInf>
			<BtchNb>0000001</BtchNb>
			<TxId>0000000001</TxId>
			<Dbtr>
				<Nm>李娜</Nm>
				<CstmrId>123333</CstmrId>
			</Dbtr>
			<DbtrAcct>
				<Id>
					<Othr>
						<Id>20110129wenwang</Id>
					</Othr>
				</Id>
			</DbtrAcct>
			<DbtrAgt>
				<FIId>
					<ClrSysMmbId>
						<MmbId>103100000118</MmbId>
					</ClrSysMmbId>
				</FIId>
				<AcctChngFlg>AG01</AcctChngFlg>
				<DbtAgrmt>2123101000001271</DbtAgrmt>
				<BrnchId>
					<Id>103100000118</Id>
				</BrnchId>
			</DbtrAgt>
			<CdtrAgt>
				<FIId>
					<ClrSysMmbId>
						<MmbId>103100000218</MmbId>
					</ClrSysMmbId>
				</FIId>
				<AcctChngFlg>AG01</AcctChngFlg>
				<CdtrAgrmt>2123101000001271</CdtrAgrmt>
				<BrnchId>
					<Id>103100000218</Id>
				</BrnchId>
			</CdtrAgt>
			<Cdtr>
				<Nm>克里斯特尔斯</Nm>
			</Cdtr>
			<CdtrAcct>
				<Id>
					<Othr>
						<Id>20110129guanjun</Id>
					</Othr>
				</Id>
			</CdtrAcct>
			<Amt Ccy="CNY">3.14159</Amt>
			<PmtTpInf>
				<CtgyPurp>
					<Prtry>D200</Prtry>
				</CtgyPurp>
			</PmtTpInf>
			<Purp>
				<Prtry>00100</Prtry>
			</Purp>
			<EndToEndId>12345678</EndToEndId>
			<ChckFlg>CE01</ChckFlg>
			<AddtlInf>附言1</AddtlInf>
			<AddtlCdtrInf>
				<Cdtr>
					<Nm>收款人内部结算名称</Nm>
				</Cdtr>
				<CdtrAcct>
					<Id>
						<Othr>
							<Id>1231232131321</Id>
						</Othr>
					</Id>
				</CdtrAcct>
			</AddtlCdtrInf>
			<MsgCntt>
				<UniSocCdtCd>1234567890123456789012345678</UniSocCdtCd>
				<RegId>110000</RegId>
			</MsgCntt>
		</RealTmColltnChrgsInf>
	</RealTmColltnChrgs>
</Document>
