<?xml version="1.0" encoding="UTF-8"?>
<!--示例 XML 文件由 XMLSpy v2006 U 创建 (http://www.altova.com)-->
<Document xmlns="urn:cnaps:std:beps:2010:tech:xsd:beps.375.001.01">
	<BizQry>
		<GrpHdr>
			<MsgId>2333101000001271</MsgId>
			<CreDtTm>2001-12-17T09:30:47</CreDtTm>
			<InstgPty>
				<InstgDrctPty>103100000112</InstgDrctPty>
				<InstgPty>103100000112</InstgPty>
			</InstgPty>
			<InstdPty>
				<InstdDrctPty>103100000118</InstdDrctPty>
				<InstdPty>103100000118</InstdPty>
			</InstdPty>
			<SysCd>BEPS</SysCd>
			<Rmk>客户账户动账通知查询报文</Rmk>
		</GrpHdr>
		<BizQryInf>
			<PgNb>1</PgNb>
			<CdtDbtInd>CRDT</CdtDbtInd>
			<Agrmt>
				<DbtAgrmt>1234567890</DbtAgrmt>
			</Agrmt>
		</BizQryInf>
	</BizQry>
</Document>
