<?xml version="1.0" encoding="UTF-8"?>
<!--示例 XML 文件由 XMLSpy v2006 U 创建 (http://www.altova.com)-->
<Document xmlns="urn:cnaps:std:beps:2010:tech:xsd:beps.372.001.01">
	<CstmrsAcctDbtMgRspn>
		<GrpHdr>
			<MsgId>2333101000001271</MsgId>
			<CreDtTm>2001-12-17T09:30:47</CreDtTm>
			<InstgPty>
				<InstgDrctPty>103100000112</InstgDrctPty>
				<InstgPty>103100000112</InstgPty>
			</InstgPty>
			<InstdPty>
				<InstdDrctPty>103100000118</InstdDrctPty>
				<InstdPty>103100000118</InstdPty>
			</InstdPty>
			<SysCd>BEPS</SysCd>
			<Rmk>客户账户扣款管理应答报文</Rmk>
		</GrpHdr>
		<OrgnlGrpHdr>
			<OrgnlMsgId>2010101000001271</OrgnlMsgId>
			<OrgnlInstgPty>103100000118</OrgnlInstgPty>
			<OrgnlMT>beps.372.001.01</OrgnlMT>
		</OrgnlGrpHdr>
		<OrgnlDbtMgmtInf>
			<RspnInf>
				<Sts>PR07</Sts>
			</RspnInf>
			<DbtAgrmt>1234567890</DbtAgrmt>
			<DbtList>
				<DbtrNb>2</DbtrNb>
				<DbtrDtls>
					<TxId>3333101000001271</TxId>
					<Sts>PR05</Sts>
				</DbtrDtls>
				<DbtrDtls>
					<TxId>3333101000001272</TxId>
					<Sts>PR09</Sts>
				</DbtrDtls>
			</DbtList>
		</OrgnlDbtMgmtInf>
	</CstmrsAcctDbtMgRspn>
</Document>
