<?xml version="1.0" encoding="UTF-8"?>
<!--示例 XML 文件由 XMLSpy v2006 U 创建 (http://www.altova.com)-->
<Document xmlns="urn:cnaps:std:beps:2010:tech:xsd:beps.361.001.01">
	<CstmrPmtMgmtReq>
		<GrpHdr>
			<MsgId>2010101000001271</MsgId>
			<CreDtTm>2001-12-17T09:30:47</CreDtTm>
			<InstgPty>
				<InstgDrctPty>103100000018</InstgDrctPty>
				<InstgPty>103100000018</InstgPty>
			</InstgPty>
			<InstdPty>
				<InstdDrctPty>103100000118</InstdDrctPty>
				<InstdPty>103100000118</InstdPty>
			</InstdPty>
			<SysCd>BEPS</SysCd>
			<Rmk>主动缴款管理报文</Rmk>
		</GrpHdr>
		<CstmrsAcctQryInf>
			<PmtItmId>06907</PmtItmId>
			<UniSocCdtCd>12110000400685600L</UniSocCdtCd>
			<CstmrId>256256256</CstmrId>
			<BillDt>20180101-20190101</BillDt>
			<ArrsTp>AR00</ArrsTp>
			<PmtTp>AD00</PmtTp>
			<PmtQryTp>QT03</PmtQryTp>
			<RegId>110000</RegId>
			<NbOfTxs>1</NbOfTxs>
			<BillInfDtls>
				<BillNum>201911111111</BillNum>
				<BillAmt Ccy="CNY">3.14</BillAmt>
			</BillInfDtls>
			<Rmk>备注备注备注备注备注</Rmk>
			<AddtlInf>
				<BllTp>1231zxcasdr</BllTp>
				<BllVrfctnInf>3k68fj47fn</BllVrfctnInf>
			</AddtlInf>
		</CstmrsAcctQryInf>
	</CstmrPmtMgmtReq>
</Document>
