<?xml version="1.0" encoding="UTF-8"?>
<Document xmlns="urn:cnaps:std:beps:2010:tech:xsd:beps.385.001.02">
	<RealTmColltnChrgsRspn>
		<GrpHdr>
			<MsgId>2010101000001278</MsgId>
			<CreDtTm>2011-01-30T09:31:47</CreDtTm>
			<InstgPty>
				<InstgDrctPty>103100000118</InstgDrctPty>
				<InstgPty>103100000118</InstgPty>
			</InstgPty>
			<InstdPty>
				<InstdDrctPty>103100000018</InstdDrctPty>
				<InstdPty>103100000018</InstdPty>
			</InstdPty>
			<SysCd>BEPS</SysCd>
			<Rmk>实时代收业务回执报文</Rmk>
		</GrpHdr>
		<OrgnlMsgInf>
			<OrgnlMsgId>2010101000001271</OrgnlMsgId>
			<OrgnlInstgPty>103100000018</OrgnlInstgPty>
			<OrgnlBtchNb>0000001</OrgnlBtchNb>
		</OrgnlMsgInf>
		<NPCPrcInf>
			<PrcSts>1</PrcSts>
			<PrcCd>String</PrcCd>
			<RjctInf>String</RjctInf>
			<NetgDt>1967-08-13</NetgDt>
			<NetgRnd>01</NetgRnd>
			<SttlmDt>1967-08-13</SttlmDt>
			<RcvTm>2001-12-17T09:30:47</RcvTm>
			<TrnsmtTm>2001-12-17T09:30:47</TrnsmtTm>
		</NPCPrcInf>
		<RealTmColltnChrgsRspnInf>
			<RspnInf>
				<Sts>PR00</Sts>
				<RjctCd>Stri</RjctCd>
				<RjctInf>String</RjctInf>
				<PrcPty>String</PrcPty>
			</RspnInf>
			<TxId>0000000001</TxId>
			<Dbtr>
				<Nm>李娜</Nm>
				<CstmrId>123333333</CstmrId>
			</Dbtr>
			<DbtrAcct>
				<Id>
					<Othr>
						<Id>20110129wenwang</Id>
					</Othr>
				</Id>
			</DbtrAcct>
			<DbtrAgt>
				<BrnchId>
					<Id>103100000118</Id>
				</BrnchId>
			</DbtrAgt>
			<CdtrAgt>
				<BrnchId>
					<Id>103100000218</Id>
				</BrnchId>
			</CdtrAgt>
			<Cdtr>
				<Nm>克里斯特尔斯</Nm>
			</Cdtr>
			<CdtrAcct>
				<Id>
					<Othr>
						<Id>20110129guanjun</Id>
					</Othr>
				</Id>
			</CdtrAcct>
			<Amt Ccy="CNY">3.14159</Amt>
			<PmtTpInf>
				<CtgyPurp>
					<Prtry>D200</Prtry>
				</CtgyPurp>
			</PmtTpInf>
			<Purp>
				<Prtry>00100</Prtry>
			</Purp>
			<AddtlInf>String</AddtlInf>
			<Ustrd>String</Ustrd>
			<AddtlCdtrInf>
				<Cdtr>
					<Nm>收款人内部结算名称</Nm>
				</Cdtr>
				<CdtrAcct>
					<Id>
						<Othr>
							<Id>123455667777</Id>
						</Othr>
					</Id>
				</CdtrAcct>
			</AddtlCdtrInf>
			<MsgCntt>
				<UniSocCdtCd>123456789012345678</UniSocCdtCd>
				<RegId>110000</RegId>
				<AcctChngFlg>AG01</AcctChngFlg>
				<CdtrAgrmt>123456789012345678901234567890</CdtrAgrmt>
			</MsgCntt>
		</RealTmColltnChrgsRspnInf>
	</RealTmColltnChrgsRspn>
</Document>
