<?xml version="1.0" encoding="UTF-8"?>
<!--示例 XML 文件由 XMLSpy v2006 U 创建 (http://www.altova.com)-->
<Document xmlns="urn:cnaps:std:beps:2010:tech:xsd:beps.382.001.01">
	<BtchPmtByAgcy>
		<GrpHdr>
			<MsgId>2010101000001271</MsgId>
			<CreDtTm>2011-01-30T09:30:47.0Z</CreDtTm>
			<InstgPty>
				<InstgDrctPty>103100000018</InstgDrctPty>
				<InstgPty>103100000018</InstgPty>
			</InstgPty>
			<InstdPty>
				<InstdDrctPty>103100000118</InstdDrctPty>
				<InstdPty>103100000118</InstdPty>
			</InstdPty>
			<SysCd>BEPS</SysCd>
			<Rmk>批量代付业务报文</Rmk>
		</GrpHdr>
		<BtchPmtByAgcyInf>
			<BtchNb>0000001</BtchNb>
			<TrnsmtSndrDt>2010-09-01</TrnsmtSndrDt>
			<TrnsmtRcvrDt>2010-09-02</TrnsmtRcvrDt>
			<RtrLtd>2</RtrLtd>
			<RcvTp>RT00</RcvTp>
			<EndToEndId>12345678</EndToEndId>
			<ChckFlg>CE01</ChckFlg>
			<Dbtr>
				<Nm>李娜</Nm>
			</Dbtr>
			<DbtrAcct>
				<Id>
					<Othr>
						<Id>20110129wenwang</Id>
					</Othr>
				</Id>
			</DbtrAcct>
			<DbtrAgt>
				<FIId>
					<ClrSysMmbId>
						<MmbId>103100000118</MmbId>
					</ClrSysMmbId>
				</FIId>
				<BrnchId>
					<Id>103100000118</Id>
				</BrnchId>
			</DbtrAgt>
			<CdtrAgt>
				<FIId>
					<ClrSysMmbId>
						<MmbId>103100000118</MmbId>
					</ClrSysMmbId>
				</FIId>
			</CdtrAgt>
			<TtlAmt Ccy="CNY">3.14159</TtlAmt>
			<PmtTpInf>
				<CtgyPurp>
					<Prtry>D200</Prtry>
				</CtgyPurp>
			</PmtTpInf>
			<CdtrNb>1</CdtrNb>
			<CdtrDtls>
				<Purp>
					<Prtry>00100</Prtry>
				</Purp>
				<TxId>0000000001</TxId>
				<BrnchId>103100000218</BrnchId>
				<Cdtr>
					<Nm>克里斯特尔斯</Nm>
				</Cdtr>
				<CdtrAcct>
					<Id>
						<Othr>
							<Id>20110129guanjun</Id>
						</Othr>
					</Id>
				</CdtrAcct>
				<Amt Ccy="CNY">3.14159</Amt>
				<AddtlInf>String</AddtlInf>
			</CdtrDtls>
		</BtchPmtByAgcyInf>
	</BtchPmtByAgcy>
</Document>
