<?xml version="1.0" encoding="UTF-8"?>
<!--示例 XML 文件由 XMLSpy v2006 U 创建 (http://www.altova.com)-->
<Document xmlns="urn:cnaps:std:beps:2010:tech:xsd:beps.720.001.01" xmlns:xsi="http://www.w3.org/2001/XMLSchema-instance">
	<TtlChckInfReq>
		<GrpHdr>
			<MsgId>2010101000001253</MsgId>
			<CreDtTm>2010-10-10T09:30:30</CreDtTm>
			<InstgPty>
				<InstgDrctPty>308581000106</InstgDrctPty>
				<InstgPty>308581000106</InstgPty>
			</InstgPty>
			<InstdPty>
				<InstdDrctPty>0000</InstdDrctPty>
				<InstdPty>0000</InstdPty>
			</InstdPty>
			<SysCd>BEPS</SysCd>
			<Rmk>测试测试测试测试</Rmk>
		</GrpHdr>
		<TtlChckInfReqInf>
			<ChckDt>2010-10-10</ChckDt>
		</TtlChckInfReqInf>
	</TtlChckInfReq>
</Document>
