<?xml version="1.0" encoding="UTF-8"?>
<!--示例 XML 文件由 XMLSpy v2006 U 创建 (http://www.altova.com)-->
<Document xmlns="urn:cnaps:std:beps:2010:tech:xsd:beps.383.001.01">
	<BtchPmtByAgcyRspn>
		<GrpHdr>
			<MsgId>2010101000001278</MsgId>
			<CreDtTm>2011-01-30T09:31:47</CreDtTm>
			<InstgPty>
				<InstgDrctPty>103100000118</InstgDrctPty>
				<InstgPty>103100000118</InstgPty>
			</InstgPty>
			<InstdPty>
				<InstdDrctPty>103100000018</InstdDrctPty>
				<InstdPty>103100000018</InstdPty>
			</InstdPty>
			<SysCd>BEPS</SysCd>
			<Rmk>批量代付业务回执报文</Rmk>
		</GrpHdr>
		<OrgnlMsgInf>
			<OrgnlMsgId>2010101000001271</OrgnlMsgId>
			<OrgnlInstgPty>103100000018</OrgnlInstgPty>
			<OrgnlBtchNb>0000001</OrgnlBtchNb>
			<OrgnlTtlAmt Ccy="CNY">3.14</OrgnlTtlAmt>
			<OrgnlTtlNb>1</OrgnlTtlNb>
		</OrgnlMsgInf>
		<NPCPrcInf>
			<PrcSts>PR03</PrcSts> 
			<PrcCd>BE1I0000</PrcCd> 
		</NPCPrcInf>
		<BtchPmtByAgcyRspnInf>
			<SndgTtlAmt Ccy="CNY">3.14</SndgTtlAmt>
			<SndgTtlNb>1</SndgTtlNb>
			<DbtrAgt>
				<BrnchId>
					<Id>103100000218</Id>
				</BrnchId>
			</DbtrAgt>
			<Dbtr>
				<Nm>李娜</Nm>
			</Dbtr>
			<DbtrAcct>
				<Id>
					<Othr>
						<Id>20110129wenwang</Id>
					</Othr>
				</Id>
			</DbtrAcct>
			<SndgDtls>
				<RspnInf>
					<Sts>PR00</Sts>
					<RjctCd>Stri</RjctCd>
					<RjctInf>String</RjctInf>
					<PrcPty>String</PrcPty>
				</RspnInf>
				<TxId>0000000001</TxId>
				<Cdtr>
					<Nm>克里斯特尔斯</Nm>
				</Cdtr>
				<CdtrAcct>
					<Id>
						<Othr>
							<Id>20110129guanjun</Id>
						</Othr>
					</Id>
				</CdtrAcct>
				<BrnchId>103100000218</BrnchId>
				<Amt Ccy="CNY">3.141</Amt>
				<AddtlInf>String</AddtlInf>
			</SndgDtls>
		</BtchPmtByAgcyRspnInf>
	</BtchPmtByAgcyRspn>
</Document>
