<?xml version="1.0" encoding="UTF-8"?>
<!--示例 XML 文件由 XMLSpy v2006 U 创建 (http://www.altova.com)-->
<Document xmlns="urn:cnaps:std:beps:2010:tech:xsd:beps.353.001.01">
	<TxAuthReq>
		<GrpHdr>
			<MsgId>2010101000001260</MsgId>
			<CreDtTm>2001-12-17T09:30:47</CreDtTm>
			<InstgPty>
				<InstgDrctPty>308581000106</InstgDrctPty>
				<InstgPty>308581000106</InstgPty>
			</InstgPty>
			<InstdPty>
				<InstdDrctPty>308581000111</InstdDrctPty>
				<InstdPty>308581000111</InstdPty>
			</InstdPty>
			<SysCd>BEPS</SysCd>
			<Rmk>客户身份认证回执报文</Rmk>
		</GrpHdr>
		<OrgnlGrpHdr>
			<OrgnlMsgId>2010091000001271</OrgnlMsgId>
			<OrgnlInstgPty>103100000018</OrgnlInstgPty>
			<OrgnlMT>BEPS</OrgnlMT>
		</OrgnlGrpHdr>
		<CtrctChngRspnInf>
			<CtrctNb>123456789</CtrctNb>
			<OrgnlReqId>123456</OrgnlReqId>
			<AuthCnt>3nd843hqke8rh8</AuthCnt>
			<Rmk>备注备注备注备注备注</Rmk>
		</CtrctChngRspnInf>
	</TxAuthReq>
</Document>
