<?xml version="1.0" encoding="UTF-8"?>
<!--示例 XML 文件由 XMLSpy v2006 U 创建 (http://www.altova.com)-->
<Document xmlns="urn:cnaps:std:beps:2010:tech:xsd:beps.127.001.02">
	<CstmrDrctDbt>
		<PKGGrpHdr>
			<MsgId>2010101000001262</MsgId>
			<CreDtTm>2010-10-10T09:30:30</CreDtTm>
			<InstgPty>
				<InstgDrctPty>308581000106</InstgDrctPty>
			</InstgPty>
			<InstdPty>
				<InstdDrctPty>104100004370</InstdDrctPty>
			</InstdPty>
			<NbOfTxs>1</NbOfTxs>
			<CtrlSum Ccy="CNY">999.00</CtrlSum>
			<SysCd>BEPS</SysCd>
			<Rmk>测试测试测试测试测试</Rmk>
		</PKGGrpHdr>
		<PKGRtrLtdInf>
			<PKGRtrLtd>2</PKGRtrLtd>
		</PKGRtrLtdInf>
		<CstmrDrctDbtInf>
			<TxId>2010101066000001</TxId>
			<AgrmtNb>AGNO00010011</AgrmtNb>
			<Dbtr>
				<Nm>阿隆索</Nm>
				<PstlAdr>
					<AdrLine>地址地址地址</AdrLine>
				</PstlAdr>
			</Dbtr>
			<DbtrAcct>
				<Id>
					<Othr>
						<Id>2310230111201111210123100010231</Id>
						<Issr>104100004370</Issr>
					</Othr>
				</Id>
			</DbtrAcct>
			<DbtrAgt>
				<BrnchId>
					<Id>104100004370</Id>
				</BrnchId>
			</DbtrAgt>
			<CdtrAgt>
				<BrnchId>
					<Id>308581000106</Id>
				</BrnchId>
			</CdtrAgt>
			<Cdtr>
				<Nm>阿齐兹</Nm>
				<PstlAdr>
					<AdrLine>地址地址地址</AdrLine>
				</PstlAdr>
			</Cdtr>
			<CdtrAcct>
				<Id>
					<Othr>
						<Id>2310230111201111210123100010233</Id>
						<Issr>308581000106</Issr>
					</Othr>
				</Id>
			</CdtrAcct>
			<Amt Ccy="CNY">999.00</Amt>
			<PmtTpInf>
				<CtgyPurp>
					<Prtry>B104</Prtry>
				</CtgyPurp>
			</PmtTpInf>
			<Purp>
				<Prtry>02201</Prtry>
			</Purp>
			<AddtlInf>明细测试测试测试测试</AddtlInf>
			<RegId>110000</RegId>
			<CstmrDrctDbtAddtlInf>
				<NtlTrsrCdtInf>
					<FslInf>
						<FlowNb>00001</FlowNb>
						<Amt Ccy="CNY">20.00</Amt>
						<RptCd>1002</RptCd>
						<RcvCd>1003</RcvCd>
						<RptFrms>2010-10-10</RptFrms>
						<RptNb>2001</RptNb>
					</FslInf>
					<BugtLvl>BL00</BugtLvl>
					<Ind>ID00</Ind>
					<BugtTp>BT00</BugtTp>
					<NbOfTxs>1</NbOfTxs>
					<TxsDtls>
						<TpCd>3333333333</TpCd>
						<SbjtCd>1011</SbjtCd>
						<Amt Ccy="CNY">3.14</Amt>
					</TxsDtls>
				</NtlTrsrCdtInf>
			</CstmrDrctDbtAddtlInf>
		</CstmrDrctDbtInf>
	</CstmrDrctDbt>
</Document>
