<?xml version="1.0" encoding="UTF-8"?>
<!--示例 XML 文件由 XMLSpy v2006 U 创建 (http://www.altova.com)-->
<Document xmlns="urn:cnaps:std:beps:2010:tech:xsd:beps.367.001.01">
	<CnfOfCstmrPynBus>
		<GrpHdr>
			<MsgId>2010101000001271</MsgId>
			<CreDtTm>2001-12-17T09:30:47</CreDtTm>
			<InstgPty>
				<InstgDrctPty>103100000018</InstgDrctPty>
				<InstgPty>103100000018</InstgPty>
			</InstgPty>
			<InstdPty>
				<InstdDrctPty>103100000012</InstdDrctPty>
				<InstdPty>103100000012</InstdPty>
			</InstdPty>
			<SysCd>BEPS</SysCd>
			<Rmk>实时缴款业务确认报文</Rmk>
		</GrpHdr>
		<OrgnlGrpHdr>
			<OrgnlMsgId>2010101000001270</OrgnlMsgId>
			<OrgnlInstgPty>103100000012</OrgnlInstgPty>
			<OrgnlMT>beps.363.001.01</OrgnlMT>
		</OrgnlGrpHdr>
		<RspOfCstmrPynBusInf>
			<RspnInf>
				<Sts>PR05</Sts>
			</RspnInf>
			<AcctChngFlg>AG01</AcctChngFlg>
			<RegId>110000</RegId>
			<BllPrtInf>账单打印信息</BllPrtInf>
			<AddtlInf>附言</AddtlInf>
		</RspOfCstmrPynBusInf>
	</CnfOfCstmrPynBus>
</Document>
