<?xml version="1.0" encoding="UTF-8"?>
<!--示例 XML 文件由 XMLSpy v2006 U 创建 (http://www.altova.com)-->
<Document xmlns="urn:iso:std:iso:20022:tech:xsd:camt.055.001.01" xmlns:xsi="http://www.w3.org/2001/XMLSchema-instance" >
	<CstmrPmtCxlReq>
		<Assgnmt>
			<Id>2010101000001246</Id>
			<Assgnr>
				<Agt>
					<FinInstnId>
						<ClrSysMmbId>
							<MmbId>103100000018</MmbId>
						</ClrSysMmbId>
					</FinInstnId>
					<BrnchId>
						<Id>103100000018</Id>
					</BrnchId>
				</Agt>
			</Assgnr>
			<Assgne>
				<Agt>
					<FinInstnId>
						<ClrSysMmbId>
							<MmbId>104100004370</MmbId>
						</ClrSysMmbId>
					</FinInstnId>
					<BrnchId>
						<Id>104100004370</Id>
					</BrnchId>
				</Agt>
			</Assgne>
			<CreDtTm>2010-10-10T09:30:30</CreDtTm>
		</Assgnmt>
		<Undrlyg>
			<OrgnlGrpInfAndCxl>
				<GrpCxlId>SP00</GrpCxlId>
				<Case>
					<Id>1</Id>
					<Cretr>
						<Agt>
							<FinInstnId>
								<ClrSysMmbId>
									<MmbId>103100000018</MmbId>
								</ClrSysMmbId>
							</FinInstnId>
						</Agt>
					</Cretr>
				</Case>
				<OrgnlMsgId>2010101000001001</OrgnlMsgId>
				<OrgnlMsgNmId>beps.127.001.01</OrgnlMsgNmId>
				
				<CxlRsnInf>
					<AddtlInf>测试测试测试测试测试测试测试测试测试</AddtlInf>
				</CxlRsnInf>
			</OrgnlGrpInfAndCxl>
		    <OrgnlPmtInfAndCxl>
				<OrgnlPmtInfId>2010101000000111</OrgnlPmtInfId>
				<TxInf>
					<OrgnlTxRef>
						<PmtTpInf>
							<CtgyPurp>
								<Prtry>B100</Prtry>
							</CtgyPurp>
						</PmtTpInf>
						<RmtInf>
							<Ustrd>测试测试测试测试</Ustrd>
						</RmtInf>
						<DbtrAgt>
							<FinInstnId></FinInstnId>
							<BrnchId>
								<Id>103100000018</Id>
							</BrnchId>
						</DbtrAgt>
						<CdtrAgt>
							<FinInstnId></FinInstnId>
							<BrnchId>
								<Id>104100004370</Id>
							</BrnchId>
						</CdtrAgt>
					</OrgnlTxRef>
				</TxInf>
		    </OrgnlPmtInfAndCxl>
		</Undrlyg>
	</CstmrPmtCxlReq>
</Document>
