<?xml version="1.0" encoding="UTF-8"?>
<!--示例 XML 文件由 XMLSpy v2006 U 创建 (http://www.altova.com)-->
<Document xmlns="urn:cnaps:std:beps:2010:tech:xsd:beps.352.001.01">
	<ResFrPtcSn>
		<GrpHdr>
			<MsgId>2010101000001271</MsgId>
			<CreDtTm>2001-12-17T09:30:47</CreDtTm>
			<InstgPty>
				<InstgDrctPty>103100000018</InstgDrctPty>
				<InstgPty>103100000018</InstgPty>
			</InstgPty>
			<InstdPty>
				<InstdDrctPty>103100000118</InstdDrctPty>
				<InstdPty>103100000118</InstdPty>
			</InstdPty>
			<SysCd>BEPS</SysCd>
			<Rmk>实时客户支付协议管理应答报文</Rmk>
		</GrpHdr>
		<OrgnlGrpHdr>
			<OrgnlMsgId>2010091000001271</OrgnlMsgId>
			<OrgnlInstgPty>103100000018</OrgnlInstgPty>
			<OrgnlMT>beps.351.001.01</OrgnlMT>
		</OrgnlGrpHdr>
		<CtrctChngRspnInf>
			<RspnInf>
				<Sts>PR00</Sts>
				<RjctCd>RJ01</RjctCd>
				<RjctInf>业务拒绝信息，允许中文</RjctInf>
				<PrcPty>103100000118</PrcPty>
			</RspnInf>
			<CtrctRtrFlg>RE00</CtrctRtrFlg>
			<CtrctNb>1234567890</CtrctNb>
			<OrgnlReqId>12345678990</OrgnlReqId>
			<AuthMd>AM00</AuthMd>
			<AuthChl>AH00</AuthChl>
			<AuthUrl>www.baidu.com/s?ie=UTF-8URL</AuthUrl>
			<Rmk>备注备注备注备注备注</Rmk>
		</CtrctChngRspnInf>
	</ResFrPtcSn>
</Document>
