<?xml version="1.0" encoding="UTF-8"?>
<!--示例 XML 文件由 XMLSpy v2006 U 创建 (http://www.altova.com)-->
<Document xmlns="urn:cnaps:std:beps:2010:tech:xsd:beps.371.001.01">
	<CstmrsAcctDbtMgReq>
		<GrpHdr>
			<MsgId>2010101000001271</MsgId>
			<CreDtTm>2001-12-17T09:30:47</CreDtTm>
			<InstgPty>
				<InstgDrctPty>103100000018</InstgDrctPty>
				<InstgPty>103100000018</InstgPty>
			</InstgPty>
			<InstdPty>
				<InstdDrctPty>103100000112</InstdDrctPty>
				<InstdPty>103100000112</InstdPty>
			</InstdPty>
			<SysCd>BEPS</SysCd>
			<Rmk>客户账户扣款管理报文</Rmk>
		</GrpHdr>
		<DbtMgmtInf>
			<DbtMgmtTp>DM00</DbtMgmtTp>
			<DbtAgrmt>1234567890</DbtAgrmt>
			<RegId>110000</RegId>
			<UniSocCdtCd>123456789012345678</UniSocCdtCd>
		</DbtMgmtInf>
		<DbtList>
			<DbtrNb>2</DbtrNb>
			<DbtrDtls>
				<TxId>3333101000001271</TxId>
				<Dbtr>
					<Nm>张三</Nm>
					<PstlAdr>
						<AdrLine>亚特</AdrLine>
					</PstlAdr>
				</Dbtr>
				<DbtrAcct>
					<Id>
						<Othr>
							<Id>6214830115578382</Id>
							<Issr>103100000112</Issr>
						</Othr>
					</Id>
				</DbtrAcct>
				<DbtrAgt>
					<BrnchId>
						<Id>103100000112</Id>
					</BrnchId>
				</DbtrAgt>
				<Amt Ccy="CNY">1113.14159</Amt>
			</DbtrDtls>
			<DbtrDtls>
				<TxId>3333101000001272</TxId>
				<Dbtr>
					<Nm>留着绍</Nm>
					<PstlAdr>
						<AdrLine>亚特</AdrLine>
					</PstlAdr>
				</Dbtr>
				<DbtrAcct>
					<Id>
						<Othr>
							<Id>6214830115578382</Id>
							<Issr>103100000112</Issr>
						</Othr>
					</Id>
				</DbtrAcct>
				<DbtrAgt>
					<BrnchId>
						<Id>103100000112</Id>
					</BrnchId>
				</DbtrAgt>
				<Amt Ccy="CNY">1112223.14159</Amt>
			</DbtrDtls>
		</DbtList>
	</CstmrsAcctDbtMgReq>
</Document>
