<?xml version="1.0" encoding="UTF-8"?>
<!--示例 XML 文件由 XMLSpy v2006 U 创建 (http://www.altova.com)-->
<Document xmlns="urn:cnaps:std:beps:2010:tech:xsd:beps.351.001.01">
	<PtcSnReq>
		<GrpHdr>
			<MsgId>2010101000001271</MsgId>
			<CreDtTm>2001-12-17T09:30:47</CreDtTm>
			<InstgPty>
				<InstgDrctPty>103100000018</InstgDrctPty>
				<InstgPty>103100000018</InstgPty>
			</InstgPty>
			<InstdPty>
				<InstdDrctPty>103100000018</InstdDrctPty>
				<InstdPty>103100000018</InstdPty>
			</InstdPty>
			<SysCd>BEPS</SysCd>
			<Rmk>实时客户支付协议管理报文</Rmk>
		</GrpHdr>
		<CtrctChngInf>
			<ChngTp>CC00</ChngTp>
			<CtrctTp>CO00</CtrctTp>
			<RegId>110000</RegId>
			<CtrctNb>1234567788</CtrctNb>
			<UniSocCdtCd>123abc</UniSocCdtCd>
			<ReqId>111111</ReqId>
			<CstmrId>123455555</CstmrId>
			<CstmrNm>王五</CstmrNm>
			<AuthMd>AM00</AuthMd>
			<PyAcctInf>
				<Dbtr>
					<Nm>赵六</Nm>
				</Dbtr>
				<DbtrAcct>
					<Id>
						<Othr>
							<Id>6217000762170007</Id>
							<CstmrAcctType>AO00</CstmrAcctType>
							<Issr>103100000018</Issr>
						</Othr>
					</Id>
				</DbtrAcct>
			</PyAcctInf>
			<PyrInf>
				<IdTp>IC00</IdTp>
				<Id>452127190001012523</Id>
				<TelNb>13537245671</TelNb>
				<AdrLine>亚特兰蒂斯</AdrLine>
			</PyrInf>
			<CtrctDueDt>1967-08-13</CtrctDueDt>
			<CtrctSgnDt>1967-08-13</CtrctSgnDt>
			<EctDt>1967-08-13</EctDt>
			<NbOfPmtItms>1</NbOfPmtItms>
			<PmtItms>
				<PmtItmCd>60138</PmtItmCd>
			</PmtItms>
			<OncDdctnLmt>CNY2000.00</OncDdctnLmt>
			<CycDdctnNumLmt>1</CycDdctnNumLmt>
			<CycDdctnLmt>CNY2000.00</CycDdctnLmt>
			<TmUt>TU00</TmUt>
			<TmSp>2</TmSp>
			<TmDc>扣款时间的辅助描述信息</TmDc>
			<Rmk>12备注11</Rmk>
			<CtrctAddtlInf>协议附加数据</CtrctAddtlInf>
		</CtrctChngInf>
	</PtcSnReq>
</Document>
