<?xml version="1.0" encoding="UTF-8"?>
<Document xmlns="urn:cnaps:std:beps:2010:tech:xsd:beps.386.001.02">
	<RealTmPmtByAgcy>
		<GrpHdr>
			<MsgId>2010101000001271</MsgId>
			<CreDtTm>2011-01-30T09:30:47</CreDtTm>
			<InstgPty>
				<InstgDrctPty>103100000018</InstgDrctPty>
				<InstgPty>103100000018</InstgPty>
			</InstgPty>
			<InstdPty>
				<InstdDrctPty>103100000118</InstdDrctPty>
				<InstdPty>103100000118</InstdPty>
			</InstdPty>
			<SysCd>BEPS</SysCd>
			<Rmk>实时代付业务报文</Rmk>
		</GrpHdr>
		<RealTmPmtByAgcyInf>
			<BtchNb>0000001</BtchNb>
			<RcvTp>RT00</RcvTp>
			<TxId>0000000001</TxId>
			<Dbtr>
				<Nm>李娜</Nm>
			</Dbtr>
			<DbtrAcct>
				<Id>
					<Othr>
						<Id>20110129wenwang</Id>
					</Othr>
				</Id>
			</DbtrAcct>
			<DbtrAgt>
				<FIId>
					<ClrSysMmbId>
						<MmbId>103100000118</MmbId>
					</ClrSysMmbId>
				</FIId>
				<AcctChngFlg>AG01</AcctChngFlg>
				<DbtAgrmt>123456789012345678901234567890</DbtAgrmt>
				<BrnchId>
					<Id>103100000118</Id>
				</BrnchId>
			</DbtrAgt>
			<CdtrAgt>
				<FIId>
					<ClrSysMmbId>
						<MmbId>103100000118</MmbId>
					</ClrSysMmbId>
				</FIId>
				<AcctChngFlg>AG01</AcctChngFlg>
				<CdtrAgrmt>123456789012345678901234567890</CdtrAgrmt>
				<BrnchId>
					<Id>103100000218</Id>
				</BrnchId>
			</CdtrAgt>
			<Cdtr>
				<Nm>克里斯特尔斯</Nm>
			</Cdtr>
			<CdtrAcct>
				<Id>
					<Othr>
						<Id>20110129guanjun</Id>
					</Othr>
				</Id>
			</CdtrAcct>
			<Amt Ccy="CNY">3.14159</Amt>
			<PmtTpInf>
				<CtgyPurp>
					<Prtry>D200</Prtry>
				</CtgyPurp>
			</PmtTpInf>
			<Purp>
				<Prtry>00100</Prtry>
			</Purp>
			<EndToEndId>12345678</EndToEndId>
			<ChckFlg>CE01</ChckFlg>
			<AddtlInf>附言1</AddtlInf>
			<RtrInf>
				<OrgnlGrpHdr>
					<OrgnlMsgId>2010101000001272</OrgnlMsgId>
					<OrgnlInstgPty>103100000018</OrgnlInstgPty>
					<OrgnlMT>beps.123.001.01</OrgnlMT>
				</OrgnlGrpHdr>
				<OrgnlTx>
					<InstgIndrctPty>103100000018</InstgIndrctPty>
					<InstdIndrctPty>103100000018</InstdIndrctPty>
					<OrgnlTxId>1234567890123456</OrgnlTxId>
					<OrgnlTxTpCd>M304</OrgnlTxTpCd>
				</OrgnlTx>
				<Cntt>退汇原因</Cntt>
			</RtrInf>
			<AddtlDbtrInf>
				<Dbtr>
					<Nm>内部结算名称</Nm>
				</Dbtr>
				<DbtrAcct>
					<Id>
						<Othr>
							<Id>12345678788</Id>
						</Othr>
					</Id>
				</DbtrAcct>
			</AddtlDbtrInf>
			<MsgCntt>
				<UniSocCdtCd>123456789012345678</UniSocCdtCd>
				<RegId>110000</RegId>
			</MsgCntt>
		</RealTmPmtByAgcyInf>
	</RealTmPmtByAgcy>
</Document>
