<?xml version="1.0" encoding="UTF-8"?>
<!--示例 XML 文件由 XMLSpy v2006 U 创建 (http://www.altova.com)-->
<Document xmlns="urn:cnaps:std:beps:2010:tech:xsd:beps.373.001.01">
	<CstmrsAcctMgReq>
		<GrpHdr>
			<MsgId>2010101000001271</MsgId>
			<CreDtTm>2001-12-17T09:30:47</CreDtTm>
			<InstgPty>
				<InstgDrctPty>103100000018</InstgDrctPty>
				<InstgPty>103100000018</InstgPty>
			</InstgPty>
			<InstdPty>
				<InstdDrctPty>103100000012</InstdDrctPty>
				<InstdPty>103100000012</InstdPty>
			</InstdPty>
			<SysCd>BEPS</SysCd>
			<Rmk>客户账户动账通知报文</Rmk>
		</GrpHdr>
		<MsgPgntn>
			<PgNb>1</PgNb>
			<TtlPgNb>1</TtlPgNb>
		</MsgPgntn>
		<AgrmtInf>
			<AcctChgTtlAmt Ccy="CNY">3.14159</AcctChgTtlAmt>
			<CdtDbtInd>CRDT</CdtDbtInd>
			<Agrmt>
				<DbtAgrmt>12345678901</DbtAgrmt>
			</Agrmt>
		</AgrmtInf>
		<TrfInf>
			<TtlAmt Ccy="CNY">3.14159</TtlAmt>
			<NbOfTxs>1</NbOfTxs>
			<MsgInf>
				<MsgId>1234101000001271</MsgId>
				<InstgPty>333300000012</InstgPty>
				<MT>beps.363.001.01</MT>
				<Amt Ccy="CNY">3.14159</Amt>
			</MsgInf>
		</TrfInf>
	</CstmrsAcctMgReq>
</Document>
