<?xml version="1.0" encoding="UTF-8"?>
<!--示例 XML 文件由 XMLSpy v2006 U 创建 (http://www.altova.com)-->
<Document xmlns="urn:cnaps:std:beps:2010:tech:xsd:beps.363.001.01">
	<CstmrPynBusReq>
		<GrpHdr>
			<MsgId>2010101000001271</MsgId>
			<CreDtTm>2001-12-17T09:30:47</CreDtTm>
			<InstgPty>
				<InstgDrctPty>103100000018</InstgDrctPty>
				<InstgPty>103100000018</InstgPty>
			</InstgPty>
			<InstdPty>
				<InstdDrctPty>0000</InstdDrctPty>
				<InstdPty>0000</InstdPty>
			</InstdPty>
			<SysCd>BEPS</SysCd>
			<Rmk>实时缴款业务报文</Rmk>
		</GrpHdr>
		<InstgDrctPtyInf>
			<InstnId>103100000012</InstnId>
			<InstdPty>999900000013</InstdPty>
		</InstgDrctPtyInf>
		<CstmrCdtTrfInf>
			<Dbtr>
				<Nm>赵五</Nm>
				<Id>123111111</Id>
			</Dbtr>
			<DbtrAcct>
				<Id>
					<Othr>
						<Id>6214840115569841</Id>
						<Issr>103100000012</Issr>
					</Othr>
				</Id>
			</DbtrAcct>
			<Cdtr>
				<Nm>六十八</Nm>
				<Id>
					<UniSocCdtCd>123456789012345678</UniSocCdtCd>
				</Id>
			</Cdtr>
			<CdtrAcct>
				<Id>
					<Othr>
						<Id>999900000012</Id>
						<Issr>ssss</Issr>
					</Othr>
				</Id>
			</CdtrAcct>
			<DbtrAgt>
				<FinInstnId>
					<ClrSysMmbId>
						<MmbId>999900000012</MmbId>
					</ClrSysMmbId>
				</FinInstnId>				
				<BrnchId>
					<Id>999900000012</Id>
				</BrnchId>
			</DbtrAgt>
			<CdtrAgt>
				<FinInstnId>
					<ClrSysMmbId>
						<MmbId>999900000012</MmbId>
					</ClrSysMmbId>
				</FinInstnId>				
				<BrnchId>
					<Id>999900000012</Id>
				</BrnchId>
			</CdtrAgt>			
			<PmtTpInf>
				<CtgyPurp>
					<Prtry>M401</Prtry>
				</CtgyPurp>
			</PmtTpInf>
			<Purp>
				<Prtry>56123</Prtry>
			</Purp>
			<RegId>110000</RegId>
			<CstmrPmtDtls>
				<PmtItmId>001201</PmtItmId>
				<TradDt>1967-08-13</TradDt>
				<TtlAmt Ccy="CNY">100.00</TtlAmt>
				<FeeAmt Ccy="CNY">20.00</FeeAmt>
				<CstmrPmtInfDtls>
					<NbOfTxs>1</NbOfTxs>
					<BillInfDtls>
						<BillNum>1234567890</BillNum>
						<Amt Ccy="CNY">100.00</Amt>
						<BillAmt Ccy="CNY">90.00</BillAmt>
						<OthDdctn Ccy="CNY">2.00</OthDdctn>
						<SrvAmt Ccy="CNY">8.00</SrvAmt>
						<BillDt>20190814-20190914</BillDt>
						<PmtInf>水费</PmtInf>
					</BillInfDtls>
				</CstmrPmtInfDtls>
				<VryDef>
					<IdTp>IC00</IdTp>
					<Id>453128199011230981</Id>
					<Tp>PY00</Tp>
					<Rmk>附言交水费</Rmk>
				</VryDef>
			</CstmrPmtDtls>
			<PmtTp>AD00</PmtTp>
			<AcctChngFlg>AG00</AcctChngFlg>
			<Rmk>附言已</Rmk>
			<OrgnlGrpHdr>
				<OrgnlMsgId>1234101000001271</OrgnlMsgId>
				<OrgnlInstgPty>333300000012</OrgnlInstgPty>
				<OrgnlMT>beps.362.001.01</OrgnlMT>
			</OrgnlGrpHdr>
			<AddtlInf>
				<BllChckCd>1234567890</BllChckCd>
				<BllTp>1234567890</BllTp>
				<BrnchCd>1234567890</BrnchCd>
				<Oprtr>1234567890</Oprtr>
				<DbtrAcctTp>SM01</DbtrAcctTp>
				<FndsRcvdSts>S111</FndsRcvdSts>
			</AddtlInf>
		</CstmrCdtTrfInf>
	</CstmrPynBusReq>
</Document>
