<?xml version="1.0" encoding="UTF-8"?>
<!--示例 XML 文件由 XMLSpy v2006 U 创建 (http://www.altova.com)-->
<Document xmlns="urn:cnaps:std:beps:2010:tech:xsd:beps.721.001.02" xmlns:xsi="http://www.w3.org/2001/XMLSchema-instance">
	<TtlChck>
		<GrpHdr>
			<MsgId>2010101000001254</MsgId>
			<CreDtTm>2010-10-10T09:30:30</CreDtTm>
			<InstgPty>
				<InstgDrctPty>0000</InstgDrctPty>
				<InstgPty>0000</InstgPty>
			</InstgPty>
			<InstdPty>
				<InstdDrctPty>308581000106</InstdDrctPty>
				<InstdPty>308581000106</InstdPty>
			</InstdPty>
			<SysCd>BEPS</SysCd>
			<Rmk>测试测试测试测试测试测试</Rmk>
		</GrpHdr>
		<OrgnlGrpHdr>
			<OrgnlMsgId>2010101000001253</OrgnlMsgId>
			<OrgnlInstgPty>308581000106</OrgnlInstgPty>
			<OrgnlMT>beps.720.001.01</OrgnlMT>
		</OrgnlGrpHdr>
		<TtlChckInf>
			<ChckDt>2010-10-10</ChckDt>
			<ChckPmtInf>
				<NbOfChckInf>1</NbOfChckInf>
				<ChckPmtInfDtls>
					<TxNetgDt>2010-10-10</TxNetgDt>
					<TxNetgRnd>01</TxNetgRnd>
					<MT>beps.121.001.01</MT>
					<SndTtlCnt>20</SndTtlCnt>
					<SndTtlAmt>CNY+300002000.50</SndTtlAmt>
					<RcvTtlCnt>10</RcvTtlCnt>
					<RcvTtlAmt>CNY+120000.00</RcvTtlAmt>
					<PrcSts>PR04</PrcSts>
				</ChckPmtInfDtls>
			</ChckPmtInf>
			<ChckMsg>
				<NbOfChckInf>1</NbOfChckInf>
				<ChckMsgDtls>
					<MT>beps.127.001.01</MT>
					<SndTtlCnt>12</SndTtlCnt>
					<RcvTtlCnt>5</RcvTtlCnt>
					<RcvDt>2010-10-09</RcvDt>
				</ChckMsgDtls>
			</ChckMsg>
		</TtlChckInf>
	</TtlChck>
</Document>
