<?xml version="1.0" encoding="UTF-8"?>
<!--示例 XML 文件由 XMLSpy v2006 U 创建 (http://www.altova.com)-->
<Document xmlns="urn:cnaps:std:beps:2010:tech:xsd:beps.121.001.01" xmlns:xsi="http://www.w3.org/2001/XMLSchema-instance">
	<CstmrCdtTrf>
		<PKGGrpHdr>
			<MsgId>2010101000001260</MsgId>
			<CreDtTm>2010-10-10T09:30:30</CreDtTm>
			<InstgPty>
				<InstgDrctPty>308581000106</InstgDrctPty>
			</InstgPty>
			<InstdPty>
				<InstdDrctPty>104100004370</InstdDrctPty>
			</InstdPty>
			<NbOfTxs>1</NbOfTxs>
			<CtrlSum Ccy="CNY">89000.00</CtrlSum>
			<SysCd>BEPS</SysCd>
			<Rmk>测试测试测试测试</Rmk>
		</PKGGrpHdr>
		<CstmrCdtTrfInf>
			<TxId>2010101007700001</TxId>
			<Dbtr>
				<Nm>科斯拉</Nm>
				<PstlAdr>
					<AdrLine>地址地址地址</AdrLine>	
				</PstlAdr>
			</Dbtr>
			<DbtrAcct>
				<Id>
					<Othr>
						<Id>2310230111201111210123100010231</Id>
						<Issr>308581000106</Issr>
					</Othr>
				</Id>
			</DbtrAcct>
			<DbtrAgt>
				<BrnchId>
					<Id>308581000106</Id>
				</BrnchId>
			</DbtrAgt>
			<CdtrAgt>
				<BrnchId>
					<Id>104100004370</Id>
				</BrnchId>
			</CdtrAgt>
			<Cdtr>
				<Nm>拉莫斯</Nm>
				<PstlAdr>
					<AdrLine>地址地址地址</AdrLine>	
				</PstlAdr>
			</Cdtr>
			<CdtrAcct>
				<Id>
					<Othr>
						<Id>2310230111201111210123100010288</Id>
						<Issr>104100004370</Issr>
					</Othr>
				</Id>
			</CdtrAcct>
			<Amt Ccy="CNY">89000.00</Amt>
			<PmtTpInf>
				<CtgyPurp>
					<Prtry>A100</Prtry>
				</CtgyPurp>
			</PmtTpInf>
			<Purp>
				<Prtry>02106</Prtry>
			</Purp>
			<AddtlInf>明细测试测试测试</AddtlInf>
			<CstmrCdtTrfAddtlInf>
				<ColltnInf>
					<Tp>01</Tp>
					<Dt>2010-10-10</Dt>
					<Nb>111888990000</Nb>
				</ColltnInf>
			</CstmrCdtTrfAddtlInf>
		</CstmrCdtTrfInf>
	</CstmrCdtTrf>
</Document>
