<?xml version="1.0" encoding="UTF-8"?>
<!--示例 XML 文件由 XMLSpy v2006 U 创建 (http://www.altova.com)-->
<Document xmlns="urn:cnaps:std:beps:2010:tech:xsd:beps.392.001.01" xmlns:xsi="http://www.w3.org/2001/XMLSchema-instance">
	<BtchCstmrsCtrctMg>
		<GrpHdr>
			<MsgId>2010092100001234</MsgId>
			<CreDtTm>2001-12-17T09:30:47</CreDtTm>
			<InstgPty>
				<InstgDrctPty>103100000018</InstgDrctPty>
				<InstgPty>103100000018</InstgPty>
			</InstgPty>
			<InstdPty>
				<InstdDrctPty>104100004370</InstdDrctPty>
				<InstdPty>104100004370</InstdPty>
			</InstdPty>
			<SysCd>BEPS</SysCd>
			<Rmk>测试测试测试测试测试</Rmk>
		</GrpHdr>
		<BtchCstmrsCtrctMgInf>
			<QryOrOprTp>QT01</QryOrOprTp>
			<CtrctAgrmtTp>CT00</CtrctAgrmtTp>
			<NbOfAgrmt>1</NbOfAgrmt>
			<AgrmtDtls>
				<ChngTpCd>CC00</ChngTpCd>
				<AgrmtNb>GT012030001</AgrmtNb>
				<Dbtr>
					<Nm>卡卡</Nm>
				</Dbtr>
				<DbtrAcct>
					<Id>
						<Othr>
							<Id>2310230111201111210123100010231</Id>
							<Issr>103100000018</Issr>
						</Othr>
					</Id>
				</DbtrAcct>
				<DbtrAgt>
					<FIId>
						<ClrSysMmbId>
							<MmbId>103100000018</MmbId>
						</ClrSysMmbId>
					</FIId>
					<BrnchId>
						<Id>103100000018</Id>
					</BrnchId>
				</DbtrAgt>
				<Cdtr>
					<Nm>武贾西奇</Nm>
				</Cdtr>
			</AgrmtDtls>
		</BtchCstmrsCtrctMgInf>
	</BtchCstmrsCtrctMg>
</Document>
