<?xml version="1.0" encoding="UTF-8"?>
<!--示例 XML 文件由 XMLSpy v2006 U 创建 (http://www.altova.com)-->
<Document xmlns="urn:cnaps:std:beps:2010:tech:xsd:beps.374.001.01">
	<CstmrsAcctMgRspn>
		<GrpHdr>
			<MsgId>2333101000001275</MsgId>
			<CreDtTm>2001-12-17T09:30:47</CreDtTm>
			<InstgPty>
				<InstgDrctPty>103100000118</InstgDrctPty>
				<InstgPty>103100000118</InstgPty>
			</InstgPty>
			<InstdPty>
				<InstdDrctPty>103100000112</InstdDrctPty>
				<InstdPty>103100000112</InstdPty>
			</InstdPty>
			<SysCd>BEPS</SysCd>
			<Rmk>客户账户动账通知应答报文</Rmk>
		</GrpHdr>
		<OrgnlGrpHdr>
			<OrgnlMsgId>2333101000001271</OrgnlMsgId>
			<OrgnlInstgPty>103100000112</OrgnlInstgPty>
			<OrgnlMT>beps.373.001.01</OrgnlMT>
		</OrgnlGrpHdr>
		<CstmrsAcctMgRspnInf>
			<OrgnlAgrmtInf>
				<PgNb>1</PgNb>
				<Agrmt>12345678901</Agrmt>
			</OrgnlAgrmtInf>
			<RspnInf>
				<Sts>PR05</Sts>
			</RspnInf>
		</CstmrsAcctMgRspnInf>
	</CstmrsAcctMgRspn>
</Document>
