<?xml version="1.0" encoding="UTF-8"?>
<!--示例 XML 文件由 XMLSpy v2006 U 创建 (http://www.altova.com)-->
<Document xmlns="urn:cnaps:std:beps:2010:tech:xsd:beps.388.001.01">
	<BizRjctNtce>
		<GrpHdr>
			<MsgId>2010101000000003</MsgId>
			<CreDtTm>2011-01-30T09:31:47.0Z</CreDtTm>
			<InstgPty>
				<InstgDrctPty>103100000118</InstgDrctPty>
				<InstgPty>103100000118</InstgPty>
			</InstgPty>
			<InstdPty>
				<InstdDrctPty>103100000018</InstdDrctPty>
				<InstdPty>103100000018</InstdPty>
			</InstdPty>
			<SysCd>BEPS</SysCd>
			<Rmk>代收付业务拒绝通知报文</Rmk>
		</GrpHdr>
		<OrgnlMsgInf>
			<OrgnlMsgId>2010101000001271</OrgnlMsgId>
			<OrgnlInstgPty>103100000018</OrgnlInstgPty>
			<OrgnlBtchNb>0000001</OrgnlBtchNb>
		</OrgnlMsgInf>
		<BizRjctNtceInf>
			<RspnInf>
				<Sts>PR09</Sts>
				<RjctCd>Stri</RjctCd>
				<RjctInf>String</RjctInf>
				<PrcPty>String</PrcPty>
			</RspnInf>
			<AddtlInf>String</AddtlInf>
		</BizRjctNtceInf>
	</BizRjctNtce>
</Document>
