<?xml version="1.0" encoding="UTF-8"?>
<!--示例 XML 文件由 XMLSpy v2006 U 创建 (http://www.altova.com)-->
<Document xmlns="urn:cnaps:std:beps:2010:tech:xsd:beps.395.001.01" xmlns:xsi="http://www.w3.org/2001/XMLSchema-instance">
	<BtchCstmrsAcctQryRspn>
		<GrpHdr>
			<MsgId>2010092100001237</MsgId>
			<CreDtTm>2001-12-17T09:30:47</CreDtTm>
			<InstgPty>
				<InstgDrctPty>104100004370</InstgDrctPty>
				<InstgPty>104100004370</InstgPty>
			</InstgPty>
			<InstdPty>
				<InstdDrctPty>308581000106</InstdDrctPty>
				<InstdPty>308581000106</InstdPty>
			</InstdPty>
			<SysCd>BEPS</SysCd>
			<Rmk>测试测试测试测试</Rmk>
		</GrpHdr>
		<OrgnlGrpHdr>
			<OrgnlMsgId>2010092100001236</OrgnlMsgId>
			<OrgnlInstgPty>String</OrgnlInstgPty>
			<OrgnlMT>beps.387.001.01</OrgnlMT>
		</OrgnlGrpHdr>
		<BtchCstmrsAcctQryRspnInf>
			<AcctCnt>2</AcctCnt>
			<AcctDtls>
				<Id>2310230111201111210123100010231</Id>
				<Nm>卡萨诺</Nm>
				<RspnInf>
					<Sts>PR10</Sts>
				</RspnInf>
				<AcctSts>AS01</AcctSts>
				<AcctBk>907100011301</AcctBk>
			</AcctDtls>
			<AcctDtls>
				<Id>2310230111201111210123100010156</Id>
				<Nm>吉拉迪诺</Nm>
				<RspnInf>
					<Sts>PR10</Sts>
				</RspnInf>
				<AcctSts>AS01</AcctSts>
				<AcctBk>907100011301</AcctBk>
			</AcctDtls>
		</BtchCstmrsAcctQryRspnInf>
	</BtchCstmrsAcctQryRspn>
</Document>
