<?xml version="1.0" encoding="UTF-8"?>
<!--示例 XML 文件由 XMLSpy v2006 U 创建 (http://www.altova.com)-->
<Document xmlns="urn:cnaps:std:beps:2010:tech:xsd:beps.412.001.01" xmlns:xsi="http://www.w3.org/2001/XMLSchema-instance">
	<StopPmtRspn>
		<GrpHdr>
			<MsgId>2010101000001247</MsgId>
			<CreDtTm>2010-10-10T09:30:30</CreDtTm>
			<InstgPty>
				<InstgDrctPty>104100004370</InstgDrctPty>
				<InstgPty>104100004370</InstgPty>
			</InstgPty>
			<InstdPty>
				<InstdDrctPty>103100000018</InstdDrctPty>
				<InstdPty>103100000018</InstdPty>
			</InstdPty>
			<SysCd>BEPS</SysCd>
			<Rmk>测试测试测试测试</Rmk>
		</GrpHdr>
		<OrgnlGrpHdr>
			<OrgnlMsgId>2010101000001246</OrgnlMsgId>
			<OrgnlInstgPty>103100000018</OrgnlInstgPty>
			<OrgnlMT>beps.411.001.01</OrgnlMT>
		</OrgnlGrpHdr>
		<StopPmtRspnInf>
			<StopPmtTp>SP01</StopPmtTp>
			<StopPmtSts>SS01</StopPmtSts>
			<OrgnlInf>
				<OrgnlGrpHdr>
					<OrgnlMsgId>2010101000001001</OrgnlMsgId>
					<OrgnlInstgPty>103100000018</OrgnlInstgPty>
					<OrgnlMT>beps.127.001.01</OrgnlMT>
				</OrgnlGrpHdr>
				<OrgnlTx>
					<InstgIndrctPty>103100000018</InstgIndrctPty>
					<InstdIndrctPty>104100004370</InstdIndrctPty>
					<OrgnlTxId>2010101000000111</OrgnlTxId>
					<OrgnlTxTpCd>B100</OrgnlTxTpCd>
				</OrgnlTx>
			</OrgnlInf>
		</StopPmtRspnInf>
	</StopPmtRspn>
</Document>
