<?xml version="1.0" encoding="UTF-8"?>
<!--示例 XML 文件由 XMLSpy v2006 U 创建 (http://www.altova.com)-->
<Document xmlns="urn:cnaps:std:beps:2010:tech:xsd:beps.362.001.01">
	<CstmrPmtNtfctn>
		<GrpHdr>
			<MsgId>2010101000001271</MsgId>
			<CreDtTm>2001-12-17T09:30:47</CreDtTm>
			<InstgPty>
				<InstgDrctPty>103100000018</InstgDrctPty>
				<InstgPty>103100000018</InstgPty>
			</InstgPty>
			<InstdPty>
				<InstdDrctPty>103100000118</InstdDrctPty>
				<InstdPty>103100000118</InstdPty>
			</InstdPty>
			<SysCd>BEPS</SysCd>
			<Rmk>主动缴款账单通知报文</Rmk>
		</GrpHdr>
		<CstmrPmtQryRspnInf>
			<SndTp>SC01</SndTp>
			<OrgnlGrpHdr>
				<OrgnlMsgId>2010091000001271</OrgnlMsgId>
				<OrgnlInstgPty>103100000018</OrgnlInstgPty>
				<OrgnlMT>BEPS</OrgnlMT>
			</OrgnlGrpHdr>
			<RspnInf>
				<Sts>PR00</Sts>
				<RjctCd>RJ01</RjctCd>
				<RjctInf>业务拒绝信息，允许中文</RjctInf>
				<PrcPty>103100000118</PrcPty>
			</RspnInf>
			<PmtItmId>06907</PmtItmId>
			<UniSocCdtCd>12110000400685600L</UniSocCdtCd>
			<CstmrId>256256256</CstmrId>
			<CtrctNb>606060606</CtrctNb>
			<RegId>110000</RegId>
			<BllTrdInf>
				<BllTrdId>60606066060</BllTrdId>
				<ArrearsCntt>欠费总信息内容,允许中文</ArrearsCntt>
				<ArrearsTtlAmt Ccy="CNY">3.14</ArrearsTtlAmt>
				<BllTtlAmt Ccy="CNY">3.14</BllTtlAmt>
			</BllTrdInf>
			<NbOfTxs>1</NbOfTxs>
			<CstmrPmtDtls>
				<CdtrAgt>
					<FIId>
						<ClrSysMmbId>
							<MmbId>14141412345</MmbId>
						</ClrSysMmbId>
					</FIId>
					<BrnchId>
						<Id>14141412345</Id>
					</BrnchId>
				</CdtrAgt>
				<Cdtr>
					<Nm>尼古拉斯赵四</Nm>
				</Cdtr>
				<CdtrAcct>
					<Id>
						<Othr>
							<Id>323232323212345</Id>
							<Issr>14141414141414</Issr>
						</Othr>
					</Id>
				</CdtrAcct>
				<BillInf>
					<BillNum>3232323232</BillNum>
					<Amt Ccy="CNY">3.14</Amt>
					<BillAmt Ccy="CNY">3.14</BillAmt>
					<OthDdctn Ccy="CNY">3.14</OthDdctn>
					<SrvAmt Ccy="CNY">3.14</SrvAmt>
					<BillDt>20190101-20191001</BillDt>
					<PmtInf>缴费内容，允许中文</PmtInf>
					<PmtTp>PP00</PmtTp>
					<BllPrtInf>账单打印信息，允许中文</BllPrtInf>
					<AddtlInf>
						<BllTp>2020202020</BllTp>
						<VecaCd>3j5d84jf76vyh</VecaCd>
						<IsseDt>1967-08-13</IsseDt>
						<Nm>尼古拉斯赵四</Nm>
						<Cd>0123456789</Cd>
						<DbtrAcct>
							<Id>
								<Othr>
									<Id>323232323212345</Id>
									<Issr>14141414141414</Issr>
								</Othr>
							</Id>
						</DbtrAcct>
					</AddtlInf>
					<TaxTktAddtlInf>
						<TaxTktNb>1818181818</TaxTktNb>
						<BllDt>1967-08-13</BllDt>
						<TaxPyrCd>202020202020</TaxPyrCd>
						<TaxPyrNm>尼古拉斯赵四</TaxPyrNm>
						<AccsPtyId>20202020220</AccsPtyId>
						<BugtTp>0</BugtTp>
						<TrimSgn>1</TrimSgn>
						<AccsPtyRegrTp>123zxc</AccsPtyRegrTp>
						<DgtlSgntr>8fj36dj58gfh7f6</DgtlSgntr>
					</TaxTktAddtlInf>
				</BillInf>
				<Rmk>备注备注备注备注备注</Rmk>
			</CstmrPmtDtls>
		</CstmrPmtQryRspnInf>
	</CstmrPmtNtfctn>
</Document>
