<?xml version="1.0" encoding="UTF-8"?>
<!--示例 XML 文件由 XMLSpy v2006 U 创建 (http://www.altova.com)-->
<Document xmlns="urn:cnaps:std:ccms:2010:tech:xsd:ccms.941.001.01">
	<RtrTxStKy>
		<GrpHdr>
			<MsgId>2010101000001260</MsgId>
			<CreDtTm>2001-12-17T09:30:47</CreDtTm>
			<InstgPty>
				<InstgDrctPty>0000</InstgDrctPty>
				<InstgPty>0000</InstgPty>
			</InstgPty>
			<InstdPty>
				<InstdDrctPty>104100004370</InstdDrctPty>
				<InstdPty>308581000106</InstdPty>
			</InstdPty>
			<SysCd>CCMS</SysCd>
			<Rmk>工作密钥更新通知报文</Rmk>
		</GrpHdr>
		<OrgnlGrpHdr>
			<OrgnlMsgId>2010101000001211</OrgnlMsgId>
			<OrgnlInstgPty>104100004370</OrgnlInstgPty>
			<OrgnlMT>ccms.940.001.01</OrgnlMT>
		</OrgnlGrpHdr>
		<StKyChckBitInf>
			<StKyDtTns>saiudadoiadjoiadijaod</StKyDtTns>
			<ChkInf>Stasdadsring</ChkInf>
			<ChckBit>Striasdadng</ChckBit>
		</StKyChckBitInf>
	</RtrTxStKy>
</Document>
