<?xml version="1.0" encoding="UTF-8"?>
<!--Sample XML file generated by XMLSpy v2009 sp1 (http://www.altova.com)-->
<Document xmlns="urn:cnaps:std:ccms:2010:tech:xsd:ccms.916.001.01" xmlns:xsi="http://www.w3.org/2001/XMLSchema-instance">
	<BkCdChngNtfctn>
		<GrpHdr>
			<MsgId>2010090903876563</MsgId>
			<CreDtTm>2010-09-09T09:30:47</CreDtTm>
			<InstgPty>
				<InstgDrctPty>0000</InstgDrctPty>
				<InstgPty>104100004370</InstgPty>
			</InstgPty>
			<InstdPty>
				<InstdDrctPty>000000000000</InstdDrctPty>
				<InstdPty>907100011301</InstdPty>
			</InstdPty>
			<SysCd>CCMS</SysCd>
			<Rmk>a</Rmk>
		</GrpHdr>
		<Prttn>
			<TtlNb>1</TtlNb>
			<StartNb>1</StartNb>
			<EndNb>1</EndNb>
		</Prttn>
		<NbInf>
			<ChngNb>00000001</ChngNb>
			<ChngRcrdNb>1</ChngRcrdNb>
		</NbInf>
		<ChngInf>
			<ChngCtrl>
				<ChngTp>CC00</ChngTp>
				<FctvTp>EF00</FctvTp>
			</ChngCtrl>
			<BkCd>103100000018</BkCd>
			<PtcptTp>02</PtcptTp>
			<BkCtgyCd>203</BkCtgyCd>
			<DrctBkCd>104100004370</DrctBkCd>
			<LglPrsn>中国工商银行</LglPrsn>
			<HghPtcpt>104100004370</HghPtcpt>
			<BrBkCd>907100011301</BrBkCd>
			<ChrgBkCd>308581000106</ChrgBkCd>
			<NdCd>0000</NdCd>
			<CityCd>100000</CityCd>
			<PtcptNm>中国工商银行</PtcptNm>
			<Sgn>2220000000</Sgn>
			<Tel>01057830289</Tel>
		</ChngInf>
	</BkCdChngNtfctn>
</Document>
