<?xml version="1.0" encoding="UTF-8"?>
<Document xmlns="urn:cnaps:std:ccms:2019:tech:xsd:ccms.928.001.02">
    <AuthNtfctn>
        <GrpHdr>
            <MsgId>2019072400000007</MsgId>
            <CreDtTm>2019-07-24T11:11:11</CreDtTm>
            <InstgPty>
             	<InstgDrctPty>310290000013</InstgDrctPty>
            </InstgPty>
            <SysCd>HVPS</SysCd>
            <RmkInf>aaaaaa</RmkInf>			
        </GrpHdr>
        <BusFctnInf>
            <MT>ccms.801.001.03</MT>
            <MagTp>MC00</MagTp>
        </BusFctnInf>
    </AuthNtfctn>
</Document>
