<?xml version="1.0" encoding="UTF-8"?>
<Document xmlns="urn:cnaps:std:ccms:2019:tech:xsd:ccms.999.001.01">
    <FreeFrmt>
        <GrpHdr>
    		<MsgId>2019080512345678</MsgId>
    		<CreDtTm>2019-08-05T11:11:11</CreDtTm>
    		<InstgPty>
    			<InstgDrctPty>0000</InstgDrctPty>
    			<InstgPty>0000</InstgPty>
    		</InstgPty>
    		<InstdPty>
    			<InstdDrctPty>102100099996</InstdDrctPty>
    			<InstdPty>102100099996</InstdPty>
    		</InstdPty>
    		<SysCd>HVPS</SysCd>
    		<Rmk>自动化验证</Rmk>
    	</GrpHdr>
    	<SysChckTp>XT00</SysChckTp>
    	<SysChckNo>2019080500000001</SysChckNo>
    </FreeFrmt>
</Document>