<?xml version="1.0" encoding="UTF-8"?>
<!--示例 XML 文件由 XMLSpy v2006 U 创建 (http://www.altova.com)-->
<Document xmlns="urn:iso:std:iso:20022:tech:xsd:pacs.004.001.02" xmlns:xs="http://www.w3.org/2001/XMLSchema">
	<PmtRtr>
		<GrpHdr>
			<MsgId>2010101002000908</MsgId>
			<CreDtTm>2001-12-17T09:30:47</CreDtTm>
			<NbOfTxs>1</NbOfTxs>
			<SttlmInf>
				<SttlmMtd>CLRG</SttlmMtd>
			</SttlmInf>
			<InstgAgt>
				<FinInstnId>
					<ClrSysMmbId>
						<MmbId>103100000018</MmbId>
					</ClrSysMmbId>
				</FinInstnId>
				<BrnchId>
					<Id>104100004370</Id>
				</BrnchId>
			</InstgAgt>
			<InstdAgt>
				<FinInstnId>
					<ClrSysMmbId>
						<MmbId>308581000106</MmbId>
					</ClrSysMmbId>
				</FinInstnId>
				<BrnchId>
					<Id>907100011301</Id>
				</BrnchId>
			</InstdAgt>
		</GrpHdr>
		<OrgnlGrpInf>
			<OrgnlMsgId>2010020200000002</OrgnlMsgId>
			<OrgnlMsgNmId>hvps.111.001.01</OrgnlMsgNmId>
			<RtrRsnInf>
				<Orgtr>
					<Id>
						<OrgId>
							<Othr>
								<Id>308581000106</Id>
							</Othr>
						</OrgId>
					</Id>
				</Orgtr>
				<AddtlInf>RP01</AddtlInf>
			</RtrRsnInf>
		</OrgnlGrpInf>	
		<TxInf>
			<OrgnlTxId>String</OrgnlTxId>
			<RtrdIntrBkSttlmAmt Ccy="CNY">200.00</RtrdIntrBkSttlmAmt>
			<InstgAgt>
				<FinInstnId>
					<ClrSysMmbId>
						<MmbId>103100000018</MmbId>
					</ClrSysMmbId>
				</FinInstnId>
				<BrnchId>
					<Id>104100004370</Id>
				</BrnchId>
			</InstgAgt>
			<InstdAgt>
				<FinInstnId>
					<ClrSysMmbId>
						<MmbId>308581000106</MmbId>
					</ClrSysMmbId>
				</FinInstnId>
				<BrnchId>
					<Id>907100011301</Id>
				</BrnchId>
			</InstdAgt>			
		</TxInf>
	</PmtRtr>
</Document>
