<?xml version="1.0" encoding="UTF-8"?>
<Document xmlns="urn:cnaps:std:ccms:2019:tech:xsd:ccms.320.001.01">
    <BizQry>
        <GrpHdr>
            <MsgId>2015020300000268</MsgId>
            <CreDtTm>2015-04-24T11:11:11</CreDtTm>
            <InstgPty>
             	<InstgDrctPty>102100099996</InstgDrctPty>
             	<InstgPty>102100099996</InstgPty>                
            </InstgPty>
            <InstdPty>
                <InstdDrctPty>402241000015</InstdDrctPty>
                <InstdPty>402241000015</InstdPty>
            </InstdPty>
            <SysCd>HVPS</SysCd>
            <Rmk>aaaaaa</Rmk>
        </GrpHdr>
        <BizQryInf>
            <OrgnlGrpHdr>
            	<OrgnlMsgId>2015020322447693</OrgnlMsgId>
            	<OrgnlInstgPty>102902900014</OrgnlInstgPty>
            	<OrgnlMT>hvps.112.001.01</OrgnlMT>
            </OrgnlGrpHdr>
            <Amt Ccy="CNY">500.00</Amt>            
        </BizQryInf>
    </BizQry>
</Document>