<?xml version="1.0" encoding="UTF-8"?>
<!--Sample XML file generated by XMLSpy v2009 sp1 (http://www.altova.com)-->
<Document xmlns="urn:cnaps:std:ccms:2010:tech:xsd:ccms.917.001.01" xmlns:xsi="http://www.w3.org/2001/XMLSchema-instance">
	<BsisChngNtfctn>
		<GrpHdr>
			<MsgId>2010090903827563</MsgId>
			<CreDtTm>2010-09-09T09:30:47</CreDtTm>
			<InstgPty>
				<InstgDrctPty>0000</InstgDrctPty>
				<InstgPty>104100004370</InstgPty>
			</InstgPty>
			<InstdPty>
				<InstdDrctPty>000000000000</InstdDrctPty>
				<InstdPty>907100011301</InstdPty>
			</InstdPty>
			<SysCd>CCMS</SysCd>
			<Rmk>a</Rmk>
		</GrpHdr>
		<NbInf>
			<ChngNb>00000001</ChngNb>
			<ChngRcrdNb>1</ChngRcrdNb>
		</NbInf>
		<RcrdNbInf>
			<BkTpChngNb>1</BkTpChngNb>
			<CCPCChngNb>1</CCPCChngNb>
			<CityChngNb>1</CityChngNb>
		</RcrdNbInf>
		<BkTpChngInf>
			<ChngCtrl>
				<ChngTp>CC00</ChngTp>
				<FctvTp>EF00</FctvTp>
			</ChngCtrl>
			<BkTpCd>323</BkTpCd>
			<BkTpNm>商业银行</BkTpNm>
			<TpCd>3</TpCd>
			<TpNm>商业银行</TpNm>
		</BkTpChngInf>
		<CCPCChngInf>
			<ChngCtrl>
				<ChngTp>CC00</ChngTp>
				<FctvTp>EF00</FctvTp>
			</ChngCtrl>
			<NdCd>0045</NdCd>
			<NdNm>福州CCPC</NdNm>
			<NdTp>NT01</NdTp>
			<CityCd>350000</CityCd>
		</CCPCChngInf>
		<CityChngInf>
			<ChngCtrl>
				<ChngTp>CC00</ChngTp>
				<FctvTp>EF00</FctvTp>
			</ChngCtrl>
			<CityCd>350000</CityCd>
			<CityNm>福州市</CityNm>
			<CityTp>小城市</CityTp>
			<NdCd>0000</NdCd>
		</CityChngInf>
	</BsisChngNtfctn>
</Document>
