<?xml version="1.0" encoding="UTF-8"?>
<!--示例 XML 文件由 XMLSpy v2006 U 创建 (http://www.altova.com)-->
<Document xmlns="urn:cnaps:std:ccms:2010:tech:xsd:ccms.940.001.01">
	<StKyDtTnsReq>
		<GrpHdr>
			<MsgId>2010101000001260</MsgId>
			<CreDtTm>2001-12-17T09:30:47</CreDtTm>
			<InstgPty>
				<InstgDrctPty>103100000018</InstgDrctPty>
				<InstgPty>104100004370</InstgPty>
			</InstgPty>
			<InstdPty>
				<InstdDrctPty>0000</InstdDrctPty>
				<InstdPty>0000</InstdPty>
			</InstdPty>
			<SysCd>CCMS</SysCd>
			<Rmk>工作密钥申请报文</Rmk>
		</GrpHdr>
		<ChckBitInf>
			<ChkInf>Stasdadsring</ChkInf>
			<ChckBit>suhdiudwiuw</ChckBit>
		</ChckBitInf>
	</StKyDtTnsReq>
</Document>
