<?xml version="1.0" encoding="UTF-8"?>
<!--示例 XML 文件由 XMLSpy v2006 U 创建 (http://www.altova.com)-->
<Document xmlns="urn:cnaps:std:ccms:2010:tech:xsd:ccms.803.001.02" xmlns:xsi="http://www.w3.org/2001/XMLSchema-instance">
	<TrblNtfctn>
		<GrpHdr>
			<MsgId>2010101002000002</MsgId>
			<CreDtTm>2010-10-10T09:30:47</CreDtTm>
			<InstgPty>
				<InstgDrctPty>0000</InstgDrctPty>
				<InstgPty>104100004370</InstgPty>
			</InstgPty>
			<InstdPty>
				<InstdDrctPty>308581000106</InstdDrctPty>
				<InstdPty>907100011301</InstdPty>
			</InstdPty>
			<SysCd>CCMS</SysCd>
			<Rmk>测试测试测试</Rmk>
		</GrpHdr>
		<StsInf>
			<Tp>ST00</Tp>
			<PtyTp>NT01</PtyTp>
		</StsInf>
		<NdInf>
			<NdCd>1000</NdCd>
			<PtyId>104100004370</PtyId>
			<PtyId>103100000018</PtyId>
			<PtyId>308581000106</PtyId>
		</NdInf>
	</TrblNtfctn>
</Document>
