<?xml version="1.0" encoding="UTF-8"?>
<!--示例 XML 文件由 XMLSpy v2006 U 创建 (http://www.altova.com)-->
<Document xmlns="urn:cnaps:std:ccms:2010:tech:xsd:ccms.311.001.01" xmlns:xsi="http://www.w3.org/2001/XMLSchema-instance">
	<CmonNotSgntrInfBizRspn>
		<GrpHdr>
			<MsgId>2010101000001260</MsgId>
			<CreDtTm>2001-12-17T09:30:47</CreDtTm>
			<InstgPty>
				<InstgDrctPty>103100000018</InstgDrctPty>
				<InstgPty>104100004370</InstgPty>
			</InstgPty>
			<InstdPty>
				<InstdDrctPty>308581000106</InstdDrctPty>
				<InstdPty>907100011301</InstdPty>
			</InstdPty>
			<SysCd>SAPS</SysCd>
			<Rmk>测试测试测试</Rmk>
		</GrpHdr>
		<OrgnlGrpHdr>
			<OrgnlMsgId>2010101000001234</OrgnlMsgId>
			<OrgnlInstgPty>907100011301</OrgnlInstgPty>
			<OrgnlMT>ccms.310.001.01</OrgnlMT>
		</OrgnlGrpHdr>
		<RspnInf>
			<Sts>PR00</Sts>
		</RspnInf>
		<CmonNotSgntrInfBizRspnInf>
			<OrgnlTxTpCd>M500</OrgnlTxTpCd>
		</CmonNotSgntrInfBizRspnInf>
	</CmonNotSgntrInfBizRspn>
</Document>
