<?xml version="1.0" encoding="UTF-8"?>
<!--Sample XML file generated by XMLSpy v2009 sp1 (http://www.altova.com)-->
<Document xmlns="urn:cnaps:std:ccms:2010:tech:xsd:ccms.906.001.01" xmlns:xsi="http://www.w3.org/2001/XMLSchema-instance">
	<BizClssTpMgmt>
		<GrpHdr>
			<MsgId>2010090909876543</MsgId>
			<CreDtTm>2010-09-09T09:30:47</CreDtTm>
			<InstgPty>
				<InstgDrctPty>0000</InstgDrctPty>
				<InstgPty>0000</InstgPty>
			</InstgPty>
			<InstdPty>
				<InstdDrctPty>103100000018</InstdDrctPty>
				<InstdPty>103100000018</InstdPty>
			</InstdPty>
			<SysCd>CCMS</SysCd>
			<Rmk>a</Rmk>
		</GrpHdr>
		<ChngInf>
			<ChngCtrl>
				<ChngTp>CC00</ChngTp>
				<FctvTp>EF00</FctvTp>
			</ChngCtrl>
			<MT>hvps.111.001.01</MT>
			<MsgNm>客户发起汇兑业务报文</MsgNm>
			<TxTpCd>A310</TxTpCd>
			<TxTpNm>额外缴费业务</TxTpNm>
			<CtgyPurpCd>02307</CtgyPurpCd>
			<CtgyPurpNm>汇兑额外缴费业务</CtgyPurpNm>
		</ChngInf>
	</BizClssTpMgmt>
</Document>
