<?xml version="1.0" encoding="UTF-8"?>
<Document xmlns="urn:cnaps:std:ccms:2019:tech:xsd:ccms.928.001.03">
	<AuthNtfctn>
		<GrpHdr>
			<MsgId>2019072400000007</MsgId>
			<CreDtTm>2019-07-24T11:11:11</CreDtTm>
			<InstgPty>
				<InstgDrctPty>310290000013</InstgDrctPty>
			</InstgPty>
			<SysCd>BEPS</SysCd>
			<RmkInf>aaaaaa</RmkInf>
		</GrpHdr>
		<BusFctnInf>
			<MagNb>2</MagNb>
			<BizAuthrtyInf>
				<MT>beps.721.001.02</MT>
				<TxTpCd>0</TxTpCd>
				<CtgyPurpCd>0</CtgyPurpCd>
			</BizAuthrtyInf>
			<BizAuthrtyInf>
				<MT>beps.363.001.01</MT>
				<TxTpCd>C212</TxTpCd>
				<CtgyPurpCd>06901</CtgyPurpCd>
			</BizAuthrtyInf>
			<MagTp>MC00</MagTp>
		</BusFctnInf>
	</AuthNtfctn>
</Document>
