<?xml version="1.0" encoding="UTF-8"?>
<Document xmlns="urn:cnaps:std:ccms:2019:tech:xsd:ccms.321.001.01">  
	<BizRspn>
		<GrpHdr>
			<MsgId>2015020310003037</MsgId>
			<CreDtTm>2019-07-22T09:30:48</CreDtTm>
			<InstgPty>
				<InstgDrctPty>402241000015</InstgDrctPty>
				<InstgPty>402241000015</InstgPty>
			</InstgPty>
			<InstdPty>
				<InstdDrctPty>102100099996</InstdDrctPty>
				<InstdPty>102100099996</InstdPty>
			</InstdPty>
			<SysCd>HVPS</SysCd>
			<Rmk>Remark</Rmk>		
		</GrpHdr>
		<OrgnlGrpHdr>
			<OrgnlMsgId>2015020300000268</OrgnlMsgId>
			<OrgnlInstgPty>102100099996</OrgnlInstgPty>
			<OrgnlMT>ccms.320.001.01</OrgnlMT>				
		</OrgnlGrpHdr>	
		<BizRspnInf>
			<OrgnlInf>
				<OrgnlGrpHdr>
					<OrgnlMsgId>2015020322447693</OrgnlMsgId>
					<OrgnlInstgPty>102902900014</OrgnlInstgPty>
					<OrgnlMT>hvps.112.001.01</OrgnlMT>			
				</OrgnlGrpHdr>
				<Amt Ccy="CNY">500.00</Amt> 
			</OrgnlInf>
			<TInfn>
				<TtFnlSt>TA05</TtFnlSt>
				<RxcInf>RC00</RxcInf>
				<PrcInf>PROCESS ERROR</PrcInf>
			</TInfn>
		</BizRspnInf>
	</BizRspn>
</Document>