<?xml version="1.0" encoding="UTF-8"?>
<!--示例 XML 文件由 XMLSpy v2006 U 创建 (http://www.altova.com)-->
<Document xmlns="urn:iso:std:iso:20022:tech:xsd:camt.056.001.01" xmlns:xs="http://www.w3.org/2001/XMLSchema">
	<FIToFIPmtCxlReq>
		<Assgnmt>
			<Id>2010020200000002</Id>
			<Assgnr>
				<Agt>
					<FinInstnId>
						<ClrSysMmbId>
							<MmbId>103100000018</MmbId>
						</ClrSysMmbId>
					</FinInstnId>
				</Agt>
			</Assgnr>
			<Assgne>
				<Agt>
					<FinInstnId>
						<ClrSysMmbId>
							<MmbId>104100004370</MmbId>
						</ClrSysMmbId>
					</FinInstnId>
				</Agt>
			</Assgne>
			<CreDtTm>2001-12-17T09:30:47</CreDtTm>
		</Assgnmt>
		<Undrlyg>
			<OrgnlGrpInfAndCxl>
				<OrgnlMsgId>2010020200000001</OrgnlMsgId>
				<OrgnlMsgNmId>hvps.111.001.01</OrgnlMsgNmId>
				<CxlRsnInf>					
					<AddtlInf>备注 备注 备注 备注</AddtlInf>
				</CxlRsnInf>
			</OrgnlGrpInfAndCxl>
		</Undrlyg>
	</FIToFIPmtCxlReq>
</Document>
