<?xml version="1.0" encoding="UTF-8"?>
<!--Sample XML file generated by XMLSpy v2009 sp1 (http://www.altova.com)-->
<Document xmlns="urn:cnaps:std:ccms:2010:tech:xsd:ccms.921.001.01" xmlns:xsi="http://www.w3.org/2001/XMLSchema-instance">
	<CertDwnLdRspn>
		<GrpHdr>
			<MsgId>2010090923456780</MsgId>
			<CreDtTm>2010-09-09T09:30:47</CreDtTm>
			<InstgPty>
				<InstgDrctPty>0000</InstgDrctPty>
				<InstgPty>104100004370</InstgPty>
			</InstgPty>
			<InstdPty>
				<InstdDrctPty>104100004370</InstdDrctPty>
				<InstdPty>907100011301</InstdPty>
			</InstdPty>
			<SysCd>HVPS</SysCd>
			<Rmk>a</Rmk>
		</GrpHdr>
		<Prttn>
			<TtlNb>1</TtlNb>
			<StartNb>1</StartNb>
			<EndNb>1</EndNb>
		</Prttn>
		<OrgnlMsgInf>
			<OrgnlMsgId>2010090923456700</OrgnlMsgId>
		</OrgnlMsgInf>
		<CertfctnList>
			<MmbCd>103100000018</MmbCd>
			<DgtlSgntr>abckalsjdfaskdfbaksjdfbskdfhasdkfjnasdfnaksdfbmnavmdhvuihihi</DgtlSgntr>
		</CertfctnList>
	</CertDwnLdRspn>
</Document>
