<?xml version="1.0" encoding="UTF-8"?>
<Document xmlns="urn:cnaps:std:ccms:2019:tech:xsd:ccms.801.001.03" xmlns:xsi="http://www.w3.org/2001/XMLSchema-instance">

  <SysStsNtfctn>
    <GrpHdr>
      <MsgId>2015020300016786</MsgId>
      <CreDtTm>2019-07-27T03:15:18</CreDtTm>
      <InstgPty>
        <InstgDrctPty>0000</InstgDrctPty>
        <InstgPty>0000</InstgPty>
      </InstgPty>
      <InstdPty>
        <InstdDrctPty>000000000000</InstdDrctPty>
        <InstdPty>000000000000</InstdPty>
      </InstdPty>
      <SysCd>HVPS</SysCd>
    </GrpHdr>
    <SysStsInf>
      <OrgnlSysDt>2015-02-03</OrgnlSysDt>
      <OrgnlSysSts>20</OrgnlSysSts>
      <CurSysDt>2015-02-03</CurSysDt>
      <CurSysSts>30</CurSysSts>
      <HldayFlg>HF01</HldayFlg>
      <SpclWrkDFlg>SF01</SpclWrkDFlg>
      <NxtSysDt>2015-02-04</NxtSysDt>
      <BkChngNb>20130208</BkChngNb>
      <BaseDataChngNb>20130208</BaseDataChngNb>
      <CISChngNb>00000001</CISChngNb>
    </SysStsInf>
  </SysStsNtfctn>

</Document>
