<?xml version="1.0" encoding="UTF-8"?>
<!--Sample XML file generated by XMLSpy v2009 sp1 (http://www.altova.com)-->
<Document xmlns="urn:cnaps:std:ccms:2010:tech:xsd:ccms.915.001.01" xmlns:xsi="http://www.w3.org/2001/XMLSchema-instance">
	<AuthrtyChngNtfctn>
		<GrpHdr>
			<MsgId>2010090903876563</MsgId>
			<CreDtTm>2010-09-09T09:30:47</CreDtTm>
			<InstgPty>
				<InstgDrctPty>0000</InstgDrctPty>
				<InstgPty>104100004370</InstgPty>
			</InstgPty>
			<InstdPty>
				<InstdDrctPty>000000000000</InstdDrctPty>
				<InstdPty>907100011301</InstdPty>
			</InstdPty>
			<SysCd>HVPS</SysCd>
			<Rmk>a</Rmk>
		</GrpHdr>
		<AuthrtyInf>
			<ChngCtrl>
				<ChngTp>CC00</ChngTp>
				<FctvTp>EF00</FctvTp>
			</ChngCtrl>
			<InitPtcpt>104100004370</InitPtcpt>
			<RcvPtcpt>103100000018</RcvPtcpt>
			<BizAuthrtyInf>
				<MT>hvps.111.001.01</MT>
				<TxTpCd>A309</TxTpCd>
				<AuthrtySgnCd>AS01</AuthrtySgnCd>
				<AuthrtyWght>01</AuthrtyWght>
			</BizAuthrtyInf>
		</AuthrtyInf>
	</AuthrtyChngNtfctn>
</Document>
