<?xml version="1.0" encoding="UTF-8"?>
<!--示例 XML 文件由 XMLSpy v2006 U 创建 (http://www.altova.com)-->
<Document xmlns="urn:iso:std:iso:20022:tech:xsd:pacs.002.001.03" xmlns:xs="http://www.w3.org/2001/XMLSchema">
	<FIToFIPmtStsRpt>
		<GrpHdr>
			<MsgId>2010101002000009</MsgId>
			<CreDtTm>2010-10-10T09:30:47</CreDtTm>
			<InstgAgt>
				<FinInstnId>
					<ClrSysMmbId>
						<MmbId>308581000106</MmbId>
					</ClrSysMmbId>
				</FinInstnId>
				<BrnchId>
					<Id>308581000106</Id>
				</BrnchId>
			</InstgAgt>
			<InstdAgt>
				<FinInstnId>
					<ClrSysMmbId>
						<MmbId>104100004370</MmbId>
					</ClrSysMmbId>
				</FinInstnId>
				<BrnchId>
					<Id>104100004370</Id>
				</BrnchId>
			</InstdAgt>
		</GrpHdr>
		<OrgnlGrpInfAndSts>
			<OrgnlMsgId>2010101002000361</OrgnlMsgId>
			<OrgnlMsgNmId>ccms.318.001.01</OrgnlMsgNmId>
			<StsRsnInf>
				<AddtlInf>/F44/RP01</AddtlInf>
				<AddtlInf>/F45/RS00</AddtlInf>
			</StsRsnInf>
		</OrgnlGrpInfAndSts>
		<TxInfAndSts>
			<OrgnlInstrId>2010101000001260</OrgnlInstrId>
			<OrgnlTxId>2010101007700001</OrgnlTxId>
			<InstgAgt>
				<FinInstnId>
					<ClrSysMmbId>
						<MmbId>104100004370</MmbId>
					</ClrSysMmbId>
				</FinInstnId>
				<BrnchId>
					<Id>104100004370</Id>
				</BrnchId>
			</InstgAgt>
			<InstdAgt>
				<FinInstnId>
					<ClrSysMmbId>
						<MmbId>308581000106</MmbId>
					</ClrSysMmbId>
				</FinInstnId>
				<BrnchId>
					<Id>308581000106</Id>
				</BrnchId>
			</InstdAgt>
			<OrgnlTxRef>
				<PmtTpInf>
					<CtgyPurp>
						<Prtry>A100</Prtry>
					</CtgyPurp>
				</PmtTpInf>
			</OrgnlTxRef>
		</TxInfAndSts>
	</FIToFIPmtStsRpt>
</Document>
