<?xml version="1.0" encoding="UTF-8"?>
<!--Sample XML file generated by XMLSpy v2009 sp1 (http://www.altova.com)-->
<Document xmlns="urn:cnaps:std:ccms:2010:tech:xsd:ccms.907.001.02" xmlns:xsi="http://www.w3.org/2001/XMLSchema-instance">
	<SysParamNtfctn>
		<GrpHdr>
			<MsgId>2010090909876567</MsgId>
			<CreDtTm>2010-09-09T09:30:47</CreDtTm>
			<InstgPty>
				<InstgDrctPty>0000</InstgDrctPty>
				<InstgPty>104100004370</InstgPty>
			</InstgPty>
			<InstdPty>
				<InstdDrctPty>000000000000</InstdDrctPty>
				<InstdPty>907100011301</InstdPty>
			</InstdPty>
			<SysCd>HVPS</SysCd>
			<Rmk>a</Rmk>
		</GrpHdr>
		<NbInf>
			<ChngNb>00000001</ChngNb>
			<ChngRcrdNb>1</ChngRcrdNb>
		</NbInf>
		<FctvInf>
			<FctvTp>EF01</FctvTp>
			<FctvDt>2010-10-01</FctvDt>
		</FctvInf>
		<SysParamInf>
			<ChgTp>CC00</ChgTp>
			<CmonDataTp>CM03</CmonDataTp>
			<CmonDataCd>01234567</CmonDataCd>
			<CmonDataNm>运行次数</CmonDataNm>
			<CmonDataVal>289639</CmonDataVal>
		</SysParamInf>
	</SysParamNtfctn>
</Document>
