<?xml version="1.0" encoding="UTF-8"?>
<Document xmlns="urn:cnaps:std:ccms:2019:tech:xsd:ccms.931.001.02" xmlns:xsi="http://www.w3.org/2001/XMLSchema-instance">

  <AuthNtfctn>
    <GrpHdr>
      <MsgId>2015020300016934</MsgId>
      <CreDtTm>2019-08-02T09:52:22</CreDtTm>
      <InstgPty>
        <InstgDrctPty>0000</InstgDrctPty>
      </InstgPty>
      <SysCd>HVPS</SysCd>
    </GrpHdr>
    <OrgnlGrpHdr>
      <OrgnlMsgId>2019020400000046</OrgnlMsgId>
      <OrgnlInstgPty>103100000026</OrgnlInstgPty>
      <OrgnlMT>ccms.929.001.02</OrgnlMT>
    </OrgnlGrpHdr>
    <BusFctnInf>
      <MT>ccms.801.001.03</MT>
      <MmbList>
        <MmbCd>103100000026</MmbCd>
        <MagTp>MC00</MagTp>
      </MmbList>
      <MmbList>
        <MmbCd>105100000017</MmbCd>
        <MagTp>MC00</MagTp>
      </MmbList>
      <MmbList>
        <MmbCd>102100099996</MmbCd>
        <MagTp>MC00</MagTp>
      </MmbList>
      <MmbList>
        <MmbCd>104100000004</MmbCd>
        <MagTp>MC00</MagTp>
      </MmbList>
      <MmbList>
        <MmbCd>203100000019</MmbCd>
        <MagTp>MC00</MagTp>
      </MmbList>
      <MmbList>
        <MmbCd>308584000013</MmbCd>
        <MagTp>MC00</MagTp>
      </MmbList>
    </BusFctnInf>
  </AuthNtfctn>

</Document>
