<?xml version="1.0" encoding="UTF-8"?>
<!--示例 XML 文件由 XMLSpy v2006 U 创建 (http://www.altova.com)-->
<Document xmlns="urn:cnaps:std:hvps:2010:tech:xsd:hvps.635.001.01">
	<MulNetSttlmCxlRspn>
		<GrpHdr>
			<MsgId>2010090500004321</MsgId> 
			<CreDtTm>2010-09-15T10:00:00</CreDtTm> 
			<InstgPty>
			<InstgDrctPty>0000</InstgDrctPty> 
			<InstgPty>0000</InstgPty> 
			</InstgPty>
			<InstdPty>
			<InstdDrctPty>103100000000</InstdDrctPty> 
			<InstdPty>103100000010</InstdPty> 
			</InstdPty>
			<SysCd>HVPS</SysCd> 
			<Rmk>多边净额业务撤销应答报文</Rmk> 
		</GrpHdr>
		<OrgnlGrpHdr>
			<OrgnlMsgId>2010090500004322</OrgnlMsgId>
			<OrgnlInstgPty>103100000000</OrgnlInstgPty>
			<OrgnlMT>hvps.634.001.01</OrgnlMT>
		</OrgnlGrpHdr>
		<NPCPrcInf>
			<PrcSts>PR04</PrcSts> 
			<PrcCd>CB1I0000</PrcCd> 
			<SttlmDt>2010-09-15</SttlmDt> 
			<TrnsmtTm>2010-09-15T10:00:02</TrnsmtTm> 
	    </NPCPrcInf>
		<MulNetSttlmCxlRspnInf>
			<OrgnlGrpHdr>
				<OrgnlMsgId>2010090500004321</OrgnlMsgId>
				<OrgnlInstgPty>103100000000</OrgnlInstgPty>
				<OrgnlMT>hvps.631.001.01</OrgnlMT>
			</OrgnlGrpHdr>
			<Nb>1</Nb>
			<Dtls>
				<Id>00000001</Id>
				<NPCPrcInf>
					<PrcSts>PR04</PrcSts> 
					<PrcCd>CB1I0000</PrcCd> 
					<SttlmDt>2010-09-15</SttlmDt> 
					<TrnsmtTm>2010-09-15T10:00:02</TrnsmtTm> 
				</NPCPrcInf>
			</Dtls>
		</MulNetSttlmCxlRspnInf>
	</MulNetSttlmCxlRspn>
</Document>
