<?xml version="1.0" encoding="UTF-8"?>
<!--示例 XML 文件由 XMLSpy v2006 U 创建 (http://www.altova.com)-->
<Document xmlns="urn:cnaps:std:hvps:2010:tech:xsd:hvps.633.001.01">
	<MulNetSttlmNtfctn>
		<GrpHdr>
			<MsgId>2010090500004321</MsgId>
			<CreDtTm>2010-09-15T10:00:00</CreDtTm>
			<InstgPty>
				<InstgDrctPty>0000</InstgDrctPty>
				<InstgPty>0000</InstgPty>
			</InstgPty>
			<InstdPty>
				<InstdDrctPty>103100000000</InstdDrctPty>
				<InstdPty>103100000010</InstdPty>
			</InstdPty>
			<SysCd>HVPS</SysCd>
			<Rmk>多边轧差净额结算借贷通知报文</Rmk>
		</GrpHdr>
		<OrgnlGrpHdr>
		  <OrgnlMsgId>2010090500001234</OrgnlMsgId> 
		  <OrgnlInstgPty>103100000000</OrgnlInstgPty> 
		  <OrgnlMT>hvps.631.001.01</OrgnlMT>
		</OrgnlGrpHdr>
		<NPCPrcInf>
		  <PrcSts>PR04</PrcSts> 
		  <PrcCd>CB1I0000</PrcCd> 
		  <SttlmDt>2010-09-15</SttlmDt> 
		  <TrnsmtTm>2010-09-15T10:00:02</TrnsmtTm> 
		</NPCPrcInf>
		<MulNetSttlmNtfctnInf>
			<TxTp>G202</TxTp>
			<CtgyPurpCd>13579</CtgyPurpCd>
			<NetgRnd>01</NetgRnd>
			<BookgList>
				<DbtCdtId>CRDT</DbtCdtId>
				<Amt Ccy="CNY">3.14159</Amt>
				<AddtlInf>附言</AddtlInf>
			</BookgList>
		</MulNetSttlmNtfctnInf>
	</MulNetSttlmNtfctn>
</Document>
