{H:02903290000025  HVPS0000          HVPS20150421134415XMLhvps.141.002.01     85e3d132a4a99e8d7ec685e3d132a4a99e8d7ec53U        N}
<?xml version="1.0" encoding="UTF-8" standalone="yes"?>
<Document xmlns="urn:iso:std:iso:20022:tech:xsd:pacs.009.001.04">
    <FICdtTrf>
        <GrpHdr>
            <MsgId>2015042700000002</MsgId>
            <CreDtTm>2015-04-24T11:11:11</CreDtTm>
            <NbOfTxs>1</NbOfTxs>
            <SttlmInf>
                <SttlmMtd>CLRG</SttlmMtd>
            </SttlmInf>
            <InstgAgt>
                <FinInstnId>
                    <ClrSysMmbId>
                        <MmbId>903290000025</MmbId>
                    </ClrSysMmbId>
                </FinInstnId>
            </InstgAgt>
            <InstdAgt>
                <FinInstnId>
                    <ClrSysMmbId>
                        <MmbId>CNAPS2</MmbId>
                    </ClrSysMmbId>
                </FinInstnId>
            </InstdAgt>
        </GrpHdr>
        <CdtTrfTxInf>
            <PmtId>
                <EndToEndId>2015042700000002</EndToEndId>
                <TxId>2015042700000002</TxId>
            </PmtId>
            <PmtTpInf>
                <SvcLvl>
                    <Prtry>G109</Prtry>
                </SvcLvl>
                <CtgyPurp>
                    <Prtry>03501</Prtry>
                </CtgyPurp>
            </PmtTpInf>
            <IntrBkSttlmAmt Ccy="CNY">50000.00</IntrBkSttlmAmt>
            <InstgAgt>
                <FinInstnId>
                    <ClrSysMmbId>
                        <MmbId>001624545000</MmbId>
                    </ClrSysMmbId>
                </FinInstnId>
                <BrnchId>
                    <Id>001624545000</Id>
                </BrnchId>
            </InstgAgt>
            <InstdAgt>
                <FinInstnId>
                    <ClrSysMmbId>
                        <MmbId>102100099996</MmbId>
                    </ClrSysMmbId>
                </FinInstnId>
                <BrnchId>
                    <Id>102100000072</Id>
                </BrnchId>
            </InstdAgt>
            <Dbtr>
                <FinInstnId>
                    <Nm>ACS</Nm>
                    <PstlAdr>
                        <AdrLine>北京</AdrLine>
                    </PstlAdr>
                </FinInstnId>
            </Dbtr>
            <DbtrAcct>
                <Id>
                    <Othr>
                        <Id>111111111</Id>
                    </Othr>
                </Id>
            </DbtrAcct>
            <DbtrAgt>
                <FinInstnId>
                    <ClrSysMmbId>
                        <MmbId>001624545000</MmbId>
                    </ClrSysMmbId>
                    <Nm>ACS</Nm>
                </FinInstnId>
            </DbtrAgt>
            <CdtrAgt>
                <FinInstnId>
                    <ClrSysMmbId>
                        <MmbId>102100099996</MmbId>
                    </ClrSysMmbId>
                    <Nm>工总行</Nm>
                </FinInstnId>
            </CdtrAgt>
            <Cdtr>
                <FinInstnId>
                    <Nm>工行</Nm>
                    <PstlAdr>
                        <AdrLine>北京</AdrLine>
                    </PstlAdr>
                </FinInstnId>
            </Cdtr>
            <CdtrAcct>
                <Id>
                    <Othr>
                        <Id>222222222</Id>
                    </Othr>
                </Id>
            </CdtrAcct>
            <RmtInf>
                <Ustrd>/D35/CNY50000.00</Ustrd>
                <Ustrd>/A07/102100099996</Ustrd>
                <Ustrd>/E50/2015042700000002</Ustrd>
                <Ustrd>/A70/903290000025</Ustrd>
                <Ustrd>/F60/PR09</Ustrd>
            </RmtInf>
            <SplmtryData>
            	<PlcAndNm>/Document/FICdtTrf/CdtTrfTxInf</PlcAndNm>
            	<Envlp>
            		<Cnts>
            			<TxBatNo>11111111</TxBatNo>
            			<Remark>2015042700000002+2015042700000002</Remark>
            		</Cnts>
            	</Envlp>
            </SplmtryData>
        </CdtTrfTxInf>
    </FICdtTrf>
</Document>