<?xml version="1.0" encoding="UTF-8"?>
<!--示例 XML 文件由 XMLSpy v2006 U 创建 (http://www.altova.com)-->
<Document xmlns="urn:cnaps:std:hvps:2010:tech:xsd:hvps.634.001.01">
	<MulNetSttlmCxlReq>
		<GrpHdr>
			<MsgId>2010090500004322</MsgId> 
			<CreDtTm>2010-09-15T10:00:00</CreDtTm> 
			<InstgPty>
			<InstgDrctPty>103100000000</InstgDrctPty> 
			<InstgPty>103100000010</InstgPty> 
			</InstgPty>
			<InstdPty>
			<InstdDrctPty>0000</InstdDrctPty> 
			<InstdPty>0000</InstdPty> 
			</InstdPty>
			<SysCd>HVPS</SysCd> 
			<Rmk>多边净额业务撤销申请报文</Rmk> 
		</GrpHdr>
		<OrgnlGrpHdr>
			<OrgnlMsgId>2010090500004321</OrgnlMsgId>
			<OrgnlInstgPty>103100000000</OrgnlInstgPty>
			<OrgnlMT>hvps.631.001.01</OrgnlMT>
		</OrgnlGrpHdr>
		<MulNetSttlmCxlReqInf>
			<Nb>1</Nb>
			<Dtls>
				<Id>000000001</Id>
			</Dtls>
		</MulNetSttlmCxlReqInf>
	</MulNetSttlmCxlReq>
</Document>
