<?xml version="1.0" encoding="UTF-8"?>
<Document xmlns="urn:iso:std:iso:20022:tech:xsd:pacs.002.001.03">
	<FIToFIPmtStsRpt>
		<GrpHdr>
			<MsgId>1234567891234567</MsgId>
			<CreDtTm>2001-12-17T09:30:47.0Z</CreDtTm>
			<InstgAgt>
				<FinInstnId>
					<ClrSysMmbId>
						<MmbId>12345678912345</MmbId>
					</ClrSysMmbId>				
				</FinInstnId>
			</InstgAgt>
		</GrpHdr>
		<OrgnlGrpInfAndSts>
			<OrgnlMsgId>12345678912345</OrgnlMsgId>
			<OrgnlMsgNmId>hvps.115.001.01</OrgnlMsgNmId>
			<StsRsnInf>
				<AddtlInf>12345678912345</AddtlInf>
			</StsRsnInf>
		</OrgnlGrpInfAndSts>
		<TxInfAndSts>
			<StsId>PR10</StsId>
			<StsRsnInf>
				<Rsn>
					<Prtry>A200</Prtry>
				</Rsn>
				<AddtlInf>02126</AddtlInf>
			</StsRsnInf >			
		</TxInfAndSts>
	</FIToFIPmtStsRpt>
</Document>
