<?xml version="1.0" encoding="UTF-8"?>
<Document xmlns="urn:cnaps:std:hvps:2010:tech:xsd:hvps.116.001.01">
	<DefSettRmtn>
		<GrpHdr>
			<MsgId>1234567891234567</MsgId>
			<CreDtTm>2001-12-17T09:30:47.0Z</CreDtTm>
			<InstgPty>
				<InstgDrctPty>12345678912345</InstgDrctPty>
				<InstgPty>12345678912345</InstgPty>
			</InstgPty>
			<InstdPty>
				<InstdDrctPty>12345678912345</InstdDrctPty>
				<InstdPty>12345678912345</InstdPty>
			</InstdPty>
			<SysCd>SAPS</SysCd>
			<Rmk>String</Rmk>
		</GrpHdr>
		<DefSettRvslInf>
			<DefSettDt>1967-08-13</DefSettDt>
			<TxTp>A200</TxTp>
			<CtgyPurpCd>02126</CtgyPurpCd>
			<AmtWthCcy Ccy="CNY">3.14159</AmtWthCcy>
		</DefSettRvslInf>
	</DefSettRmtn>
</Document>
