<?xml version="1.0" encoding="UTF-8"?>
<Document xmlns="urn:iso:std:iso:20022:tech:xsd:pacs.004.001.02">
	<PmtRtr>
		<GrpHdr>
			<MsgId>1234567891234567</MsgId>
			<CreDtTm>2001-12-17T09:30:47.0Z</CreDtTm>
			<NbOfTxs>1</NbOfTxs>
			<IntrBkSttlmDt>2001-12-17</IntrBkSttlmDt>
			<SttlmInf>
				<SttlmMtd>CLRG</SttlmMtd>
			</SttlmInf>
			<InstgAgt>
				<FinInstnId>
					<ClrSysMmbId>
						<MmbId>12345678912345</MmbId>
					</ClrSysMmbId>
				</FinInstnId>
				<BrnchId>
					<Id>12345678912345</Id>
				</BrnchId>
			</InstgAgt>
			<InstdAgt>
				<FinInstnId>
					<ClrSysMmbId>
						<MmbId>12345678912345</MmbId>
					</ClrSysMmbId>
				</FinInstnId>
				<BrnchId>
					<Id>12345678912345</Id>
				</BrnchId>
			</InstdAgt>
		</GrpHdr>
		<TxInf>
			<RtrdIntrBkSttlmAmt Ccy="CNY">10000000.23</RtrdIntrBkSttlmAmt>
			<RtrRsnInf>
				<Rsn>
					<Prtry>A200</Prtry>
				</Rsn>
				<AddtlInf>02126</AddtlInf>
			</RtrRsnInf >			
		</TxInf>
	</PmtRtr>
</Document>
