<?xml version="1.0" encoding="UTF-8"?>
<Document xmlns="urn:iso:std:iso:20022:tech:xsd:pacs.009.001.02">
	<FinInstnCdtTrf>
		<GrpHdr>
			<MsgId>1234567891234567</MsgId>
			<CreDtTm>2010-09-15T10:00:00</CreDtTm>
			<NbOfTxs>1</NbOfTxs>
			<SttlmInf>
				<SttlmMtd>CLRG</SttlmMtd>
			</SttlmInf>
		</GrpHdr>
		<CdtTrfTxInf>
			<PmtId>
				<EndToEndId>1234567891234567</EndToEndId>
				<TxId>1234567891234567</TxId>
			</PmtId>
			<PmtTpInf>
				<SvcLvl>
					<Prtry>A200</Prtry>
				</SvcLvl>
			</PmtTpInf>
			<IntrBkSttlmAmt Ccy="CNY">10000000.23</IntrBkSttlmAmt>
			<SttlmPrty>HIGH</SttlmPrty>
			<InstgAgt>
				<FinInstnId>
					<ClrSysMmbId>
						<MmbId>308581000106</MmbId>
					</ClrSysMmbId>
				</FinInstnId>
				<BrnchId>
					<Id>308581000106</Id>
				</BrnchId>
			</InstgAgt>
			<InstdAgt>
				<FinInstnId>
					<ClrSysMmbId>
						<MmbId>104100004370</MmbId>
					</ClrSysMmbId>
				</FinInstnId>
				<BrnchId>
					<Id>104100004370</Id>
				</BrnchId>
			</InstdAgt>
			<IntrmyAgt1>
				<FinInstnId>
					<ClrSysMmbId>
						<MmbId>123456789012345678</MmbId>
					</ClrSysMmbId>
					<Nm>花旗银行</Nm>
				</FinInstnId>	
			</IntrmyAgt1>
			<Dbtr>
				<FinInstnId>
					<Nm>林</Nm>
					<PstlAdr>
						<AdrLine>地址地址地址</AdrLine>
					</PstlAdr>
				</FinInstnId>
			</Dbtr>
			<DbtrAcct>
				<Id>
					<Othr>
						<Id>2310230111201111210123100010231</Id>
					</Othr>
				</Id>
			</DbtrAcct>
			<DbtrAgt>
				<FinInstnId>
					<ClrSysMmbId>
						<MmbId>308581000106</MmbId>
					</ClrSysMmbId>
				</FinInstnId>
			</DbtrAgt>
			<CdtrAgt>
				<FinInstnId>
					<ClrSysMmbId>
						<MmbId>104100004370</MmbId>
					</ClrSysMmbId>
				</FinInstnId>
			</CdtrAgt>
			<Cdtr>
				<FinInstnId>
					<Nm>肖</Nm>
					<PstlAdr>
						<AdrLine>地址地址地址</AdrLine>
					</PstlAdr>
				</FinInstnId>
			</Cdtr>
			<CdtrAcct>
				<Id>
					<Othr>
						<Id>2310230111201111210123100010001</Id>
					</Othr>
				</Id>
			</CdtrAcct>
			<RmtInf>
				<Ustrd>/F25/05023</Ustrd>
				<Ustrd>/D27/25</Ustrd>
				<Ustrd>/C18/16</Ustrd>
				<Ustrd>/H01/同业拆借</Ustrd>
			</RmtInf>
		</CdtTrfTxInf>
	</FinInstnCdtTrf>
</Document>
