<?xml version="1.0" encoding="UTF-8"?>
<!--Sample XML file generated by XMLSpy v2009 sp1 (http://www.altova.com)-->
<Document xsi:schemaLocation="urn:cnaps:std:nets:2010:tech:xsd:nets.618.001.01 nets.618.001.01.xsd" xmlns="urn:cnaps:std:nets:2010:tech:xsd:nets.618.001.01" xmlns:xsi="http://www.w3.org/2001/XMLSchema-instance">
	<BEPSNetgRspn>
		<GrpHdr>
			<MsgId>2010090912345221</MsgId>
			<CreDtTm>2010-09-09T09:30:47</CreDtTm>
			<InstgPty>
				<InstgDrctPty>0000</InstgDrctPty>
				<InstgPty>0000</InstgPty>
			</InstgPty>
			<InstdPty>
				<InstdDrctPty>308581000106</InstdDrctPty>
				<InstdPty>308581000106</InstdPty>
			</InstdPty>
			<SysCd>NETS</SysCd>
			<Rmk>a</Rmk>
		</GrpHdr>
		<Prttn>
			<TtlNb>1</TtlNb>
			<StartNb>1</StartNb>
			<EndNb>1</EndNb>
		</Prttn>
		<OrgnlGrpHdr>
			<OrgnlMsgId>2010090912345222</OrgnlMsgId>
			<OrgnlInstgPty>308581000106</OrgnlInstgPty>
			<OrgnlMT>nets.617.001.01</OrgnlMT>
		</OrgnlGrpHdr>
		<NPCPrcInf>
			<PrcSts>PR05</PrcSts>
			<PrcCd>CB1I0000</PrcCd>
		</NPCPrcInf>
		<BEPSNetgRspnInf>
			<NetgDt>2010-09-09</NetgDt>
			<NbOfTx>1</NbOfTx>
			<TxList>
				<NetgRnd>1</NetgRnd>
				<NetgTp>NT01</NetgTp>
				<MmbId>104100004370</MmbId>
				<DbtCdtId>CRDT</DbtCdtId>
				<Amt Ccy="CNY">100.00</Amt>
				<RspnSts>PR05</RspnSts>
				<SttlmDt>2010-09-09</SttlmDt>
			</TxList>
		</BEPSNetgRspnInf>
	</BEPSNetgRspn>
</Document>
