<?xml version="1.0" encoding="UTF-8"?>
<!--Sample XML file generated by XMLSpy v2009 sp1 (http://www.altova.com)-->
<Document xsi:schemaLocation="urn:cnaps:std:nets:2010:tech:xsd:nets.351.001.01 nets.351.001.01.xsd" xmlns="urn:cnaps:std:nets:2010:tech:xsd:nets.351.001.01" xmlns:xsi="http://www.w3.org/2001/XMLSchema-instance">
	<NetDbtLmtQryRspn>
		<GrpHdr>
			<MsgId>2010090912345678</MsgId>
			<CreDtTm>2010-09-09T09:30:47</CreDtTm>
			<InstgPty>
				<InstgDrctPty>0000</InstgDrctPty>
				<InstgPty>0000</InstgPty>
			</InstgPty>
			<InstdPty>
				<InstdDrctPty>103100000018</InstdDrctPty>
				<InstdPty>103100000018</InstdPty>
			</InstdPty>
			<SysCd>NETS</SysCd>
			<Rmk>sdfsafasdf</Rmk>
		</GrpHdr>
		<OrgnlGrpHdr>
			<OrgnlMsgId>2010090922345678</OrgnlMsgId>
			<OrgnlInstgPty>103100000018</OrgnlInstgPty>
			<OrgnlMT>nets.350.001.01</OrgnlMT>
		</OrgnlGrpHdr>
		<NPCPrcInf>
			<PrcSts>PR05</PrcSts>
			<PrcCd>CB1I0000</PrcCd>
		</NPCPrcInf>
		<NetDbtLmtInf>
			<MmbId>103100000018</MmbId>
			<CdtLd Ccy="CNY">1000.00</CdtLd>
			<TtlPldgVal Ccy="CNY">10000.00</TtlPldgVal>
			<CdtXtnsnLmt Ccy="CNY">1000.00</CdtXtnsnLmt>
			<NetDbtLmt Ccy="CNY">10000.00</NetDbtLmt>
			<AvlblNetDbt Ccy="CNY">10000.00</AvlblNetDbt>
		</NetDbtLmtInf>
	</NetDbtLmtQryRspn>
</Document>
