<?xml version="1.0" encoding="UTF-8"?>
<!--Sample XML file generated by XMLSpy v2009 sp1 (http://www.altova.com)-->
<Document xsi:schemaLocation="urn:cnaps:std:nets:2010:tech:xsd:nets.356.001.01 nets.356.001.01.xsd" xmlns="urn:cnaps:std:nets:2010:tech:xsd:nets.356.001.01" xmlns:xsi="http://www.w3.org/2001/XMLSchema-instance">
	<NetDbtLmtMgmtNtfctn>
		<GrpHdr>
			<MsgId>2010090912345678</MsgId>
			<CreDtTm>2010-09-09T09:30:47</CreDtTm>
			<InstgPty>
				<InstgDrctPty>0000</InstgDrctPty>
				<InstgPty>0000</InstgPty>
			</InstgPty>
			<InstdPty>
				<InstdDrctPty>103100000018</InstdDrctPty>
				<InstdPty>103100000018</InstdPty>
			</InstdPty>
			<SysCd>NETS</SysCd>
			<Rmk>awfefgdfg</Rmk>
		</GrpHdr>
		<NetDbtLmtMgmtNtfctnInf>
			<NtfctnTp>LC00</NtfctnTp>
		</NetDbtLmtMgmtNtfctnInf>
		<NtfctnCntt>
			<NetDbtMgmt>
				<OprClss>OC00</OprClss>
				<OprTp>OT00</OprTp>
				<NetDbtLmtInf>
					<MmbId>103100000065</MmbId>
					<CdtLd Ccy="CNY">100.00</CdtLd>
					<TtlPldgVal Ccy="CNY">100.00</TtlPldgVal>
					<CdtXtnsnLmt Ccy="CNY">100.00</CdtXtnsnLmt>
					<NetDbtLmt Ccy="CNY">100.00</NetDbtLmt>
					<AvlblNetDbt Ccy="CNY">100.00</AvlblNetDbt>
				</NetDbtLmtInf>
			</NetDbtMgmt>
		</NtfctnCntt>
	</NetDbtLmtMgmtNtfctn>
</Document>
