<?xml version="1.0" encoding="UTF-8"?>
<!--Sample XML file generated by XMLSpy v2009 sp1 (http://www.altova.com)-->
<Document xsi:schemaLocation="urn:cnaps:std:nets:2010:tech:xsd:nets.406.001.01 nets.406.001.01.xsd" xmlns="urn:cnaps:std:nets:2010:tech:xsd:nets.406.001.01" xmlns:xsi="http://www.w3.org/2001/XMLSchema-instance">
	<NetgQQryRspn>
		<GrpHdr>
			<MsgId>2010090912345657</MsgId>
			<CreDtTm>2010-09-09T09:30:47</CreDtTm>
			<InstgPty>
				<InstgDrctPty>0000</InstgDrctPty>
				<InstgPty>0000</InstgPty>
			</InstgPty>
			<InstdPty>
				<InstdDrctPty>308581000106</InstdDrctPty>
				<InstdPty>308581000106</InstdPty>
			</InstdPty>
			<SysCd>NETS</SysCd>
			<Rmk>a</Rmk>
		</GrpHdr>
		<Prttn>
			<TtlNb>1</TtlNb>
			<StartNb>1</StartNb>
			<EndNb>1</EndNb>
		</Prttn>
		<OrgnlGrpHdr>
			<OrgnlMsgId>2010090912345444</OrgnlMsgId>
			<OrgnlInstgPty>308581000106</OrgnlInstgPty>
			<OrgnlMT>nets.405.001.01</OrgnlMT>
		</OrgnlGrpHdr>
		<NPCPrcInf>
			<PrcSts>PR05</PrcSts>
			<PrcCd>CB1I0000</PrcCd>
		</NPCPrcInf>
		<QInf>
			<Nb>1</Nb>
			<Dtls>
				<OrgnlGrpHdr>
					<OrgnlMsgId>2010090912345222</OrgnlMsgId>
					<OrgnlInstgPty>308581000106</OrgnlInstgPty>
					<OrgnlMT>beps.121.001.01</OrgnlMT>
				</OrgnlGrpHdr>
				<Amt Ccy="CNY">100.00</Amt>
				<SeqNb>1</SeqNb>
			</Dtls>
		</QInf>
	</NetgQQryRspn>
</Document>
