<?xml version="1.0" encoding="UTF-8"?>
<!--Sample XML file generated by XMLSpy v2009 sp1 (http://www.altova.com)-->
<Document xsi:schemaLocation="urn:swift:xsd:camt.010.001.04 camt.010.001.04.xsd" xmlns="urn:swift:xsd:camt.010.001.04" xmlns:xsi="http://www.w3.org/2001/XMLSchema-instance">
	<RtrLmt>
		<MsgId>
		  <Id>2010090912345666</Id>
		</MsgId>
		<BizRpt>
			<CurLmt>
				<LmtId>
					<Tp>MULT</Tp>
					<AcctId>
					     <DmstAcct>
						     <Id>103100000018</Id>
						   </DmstAcct>
					</AcctId>
				</LmtId>
			<Lmt>
			<Amt>
				<AmtWthCcy Ccy="CNY">100.00</AmtWthCcy>
			</Amt>
				<CdtDbtInd>CRDT</CdtDbtInd>
				<Sts>ENAB</Sts>
		</Lmt>	
			</CurLmt>
			
				<DfltLmt>
				<LmtId>
					<Tp>MULT</Tp>
					<AcctId>
					     <DmstAcct>
						     <Id>103100000018</Id>
						   </DmstAcct>
					</AcctId>
				</LmtId>
			<Lmt>
			<Amt>
				<AmtWthCcy Ccy="CNY">100.00</AmtWthCcy>
			</Amt>
			<CdtDbtInd>CRDT</CdtDbtInd>
		</Lmt>
			</DfltLmt>
		</BizRpt>
	</RtrLmt>
</Document>
