<?xml version="1.0" encoding="UTF-8"?>
<!--Sample XML file generated by XMLSpy v2009 sp1 (http://www.altova.com)-->
<Document xsi:schemaLocation="urn:swift:xsd:camt.005.001.04 camt.005.001.04.xsd" xmlns="urn:swift:xsd:camt.005.001.04" xmlns:xsi="http://www.w3.org/2001/XMLSchema-instance">
	<GetTx>
		<MsgId>
		  <Id>2010090912355666</Id>
		</MsgId>
		<TxQryDef>
			<TxCrit>
				<NewCrit>
					<SchCrit>
					  <AcctNtrySch>
					   <AcctId>
					   <EQ>
					     <DmstAcct>
						     <Id>103100000018</Id>
						      </DmstAcct>
						   </EQ>
						 </AcctId>
						 </AcctNtrySch>
					</SchCrit>
				</NewCrit>
			</TxCrit>
		</TxQryDef>
	</GetTx>
</Document>
