<?xml version="1.0" encoding="UTF-8"?>
<!--Sample XML file generated by XMLSpy v2009 sp1 (http://www.altova.com)-->
<Document xsi:schemaLocation="urn:cnaps:std:nets:2010:tech:xsd:nets.407.001.01 nets.407.001.01.xsd" xmlns="urn:cnaps:std:nets:2010:tech:xsd:nets.407.001.01" xmlns:xsi="http://www.w3.org/2001/XMLSchema-instance">
	<NetgQMgmt>
		<GrpHdr>
			<MsgId>2010090912344444</MsgId>
			<CreDtTm>2010-09-09T09:30:47</CreDtTm>
			<InstgPty>
				<InstgDrctPty>308581000106</InstgDrctPty>
				<InstgPty>308581000106</InstgPty>
			</InstgPty>
			<InstdPty>
				<InstdDrctPty>0000</InstdDrctPty>
				<InstdPty>0000</InstdPty>
			</InstdPty>
			<SysCd>NETS</SysCd>
			<Rmk>a</Rmk>
		</GrpHdr>
		<QMgmtApplInf>
			<OrgnlGrpHdr>
				<OrgnlMsgId>2010090912345222</OrgnlMsgId>
				<OrgnlInstgPty>308581000106</OrgnlInstgPty>
				<OrgnlMT>beps.121.001.01</OrgnlMT>
			</OrgnlGrpHdr>
			<QChngTp>QC00</QChngTp>
		</QMgmtApplInf>
	</NetgQMgmt>
</Document>
