<?xml version="1.0" encoding="UTF-8"?>
<!--Sample XML file generated by XMLSpy v2009 sp1 (http://www.altova.com)-->
<Document xsi:schemaLocation="urn:cnaps:std:saps:2010:tech:xsd:saps.615.001.01 saps.615.001.01.xsd" xmlns="urn:cnaps:std:saps:2010:tech:xsd:saps.615.001.01" xmlns:xsi="http://www.w3.org/2001/XMLSchema-instance">
	<PoolIntrBkLnQryRspn>
		<GrpHdr>
			<MsgId>2010090912555598</MsgId>
			<CreDtTm>2010-09-09T09:30:47</CreDtTm>
			<InstgPty>
				<InstgDrctPty>0000</InstgDrctPty>
				<InstgPty>0000</InstgPty>
			</InstgPty>
			<InstdPty>
				<InstdDrctPty>907100011301</InstdDrctPty>
				<InstdPty>907100011301</InstdPty>
			</InstdPty>
			<SysCd>SAPS</SysCd>
			<Rmk>a</Rmk>
		</GrpHdr>
		<OrgnlGrpHdr>
			<OrgnlMsgId>2010090912552909</OrgnlMsgId>
			<OrgnlInstgPty>907100011301</OrgnlInstgPty>
			<OrgnlMT>saps.614.001.01</OrgnlMT>
		</OrgnlGrpHdr>
		<NPCPrcInf>
			<PrcSts>PR05</PrcSts>
			<PrcCd>CB1I0000</PrcCd>
		</NPCPrcInf>
		<PoolIntrBkLnQryRspnInf>
			<QryTp>G107</QryTp>
			<NbOfTx>1</NbOfTx>
			<TxList>
				<Cdtr>907100011301</Cdtr>
				<Dbtr>907100011567</Dbtr>
				<NbOfDtl>1</NbOfDtl>
				<TxDtl>
					<TxId>2010090912555509</TxId>
					<Amt Ccy="CNY">100.00</Amt>
				</TxDtl>
			</TxList>
		</PoolIntrBkLnQryRspnInf>
	</PoolIntrBkLnQryRspn>
</Document>
