<?xml version="1.0" encoding="UTF-8"?>
<!--Sample XML file generated by XMLSpy v2009 sp1 (http://www.altova.com)-->
<Document xsi:schemaLocation="urn:cnaps:std:saps:2010:tech:xsd:saps.606.001.01 saps.606.001.01.xsd" xmlns="urn:cnaps:std:saps:2010:tech:xsd:saps.606.001.01" xmlns:xsi="http://www.w3.org/2001/XMLSchema-instance">
	<AcctBookgNtfctn>
		<GrpHdr>
			<MsgId>2010090912275609</MsgId>
			<CreDtTm>2010-09-09T09:30:47</CreDtTm>
			<InstgPty>
				<InstgDrctPty>0000</InstgDrctPty>
				<InstgPty>0000</InstgPty>
			</InstgPty>
			<InstdPty>
				<InstdDrctPty>103100000018</InstdDrctPty>
				<InstdPty>103100000018</InstdPty>
			</InstdPty>
			<SysCd>SAPS</SysCd>
			<Rmk>a</Rmk>
		</GrpHdr>
		<OrgnlGrpHdr>
			<OrgnlMsgId>2010090915275603</OrgnlMsgId>
			<OrgnlInstgPty>308581000106</OrgnlInstgPty>
			<OrgnlMT>saps.612.001.01</OrgnlMT>
		</OrgnlGrpHdr>
		<NPCPrcInf>
			<PrcSts>PR04</PrcSts>
			<PrcCd>CB1I0000</PrcCd>
		</NPCPrcInf>
		<AcctBookgNtfctnInf>
			<TxTp>H004</TxTp>
			<CtgyPurpCd>04001</CtgyPurpCd>
			<DbtCdtId>CRDT</DbtCdtId>
			<Amt>CNY+100.00</Amt>
			<Bal>CNY+100.00</Bal>
			<ZeroBalAcct>123456789<ZeroBalAcct>
		</AcctBookgNtfctnInf>
	</AcctBookgNtfctn>
</Document>
