<?xml version="1.0" encoding="UTF-8"?>
<!--Sample XML file generated by XMLSpy v2009 sp1 (http://www.altova.com)-->
<Document xsi:schemaLocation="urn:cnaps:std:saps:2010:tech:xsd:saps.375.001.01 saps.375.001.01.xsd" xmlns="urn:cnaps:std:saps:2010:tech:xsd:saps.375.001.01" xmlns:xsi="http://www.w3.org/2001/XMLSchema-instance">
	<IntrBkLnMgmtRspn>
		<GrpHdr>
			<MsgId>2010090912345656</MsgId>
			<CreDtTm>2010-09-09T09:30:47</CreDtTm>
			<InstgPty>
				<InstgDrctPty>907100011301</InstgDrctPty>
				<InstgPty>907100011301</InstgPty>
			</InstgPty>
			<InstdPty>
				<InstdDrctPty>103100000018</InstdDrctPty>
				<InstdPty>103100000018</InstdPty>
			</InstdPty>
			<SysCd>SAPS</SysCd>
			<Rmk>a</Rmk>
		</GrpHdr>
		<OrgnlGrpHdr>
			<OrgnlMsgId>2010090912345655</OrgnlMsgId>
			<OrgnlInstgPty>103100000018</OrgnlInstgPty>
			<OrgnlMT>saps.374.001.01</OrgnlMT>
		</OrgnlGrpHdr>
		<RspnInf>
			<Sts>PR05</Sts>
		</RspnInf>
		<IntrBkLnPrtcolInf>
			<OrgnlPrtcolNb>aa1234567890</OrgnlPrtcolNb>
		</IntrBkLnPrtcolInf>
	</IntrBkLnMgmtRspn>
</Document>
