<?xml version="1.0" encoding="UTF-8"?>
<!--Sample XML file generated by XMLSpy v2009 sp1 (http://www.altova.com)-->
<Document xsi:schemaLocation="urn:cnaps:std:saps:2010:tech:xsd:saps.609.001.01 saps.609.001.01.xsd" xmlns="urn:cnaps:std:saps:2010:tech:xsd:saps.609.001.01" xmlns:xsi="http://www.w3.org/2001/XMLSchema-instance">
	<IntraCityNetgQryAppl>
		<GrpHdr>
			<MsgId>2010090912275609</MsgId>
			<CreDtTm>2010-09-09T09:30:47</CreDtTm>
			<InstgPty>
				<InstgDrctPty>308581000106</InstgDrctPty>
				<InstgPty>308581000106</InstgPty>
			</InstgPty>
			<InstdPty>
				<InstdDrctPty>0000</InstdDrctPty>
				<InstdPty>0000</InstdPty>
			</InstdPty>
			<SysCd>SAPS</SysCd>
			<Rmk>a</Rmk>
		</GrpHdr>
		<IntraCityNetgQryApplInf>
			<OrgnlGrpHdr>
				<OrgnlMsgId>2010090912555609</OrgnlMsgId>
				<OrgnlInstgPty>308581000106</OrgnlInstgPty>
				<OrgnlMT>saps.611.001.01</OrgnlMT>
			</OrgnlGrpHdr>
		</IntraCityNetgQryApplInf>
	</IntraCityNetgQryAppl>
</Document>
