<?xml version="1.0" encoding="UTF-8"?>
<Document xmlns="urn:cnaps:std:saps:2010:tech:xsd:saps.742.001.01" >
	<OverDrftInfNtfctn>
		<GrpHdr>
			<MsgId>String</MsgId>
			<CreDtTm>2001-12-17T09:30:47.0Z</CreDtTm>
			<InstgPty>
				<InstgDrctPty>103100000118</InstgDrctPty>
				<InstgPty>103100000118</InstgPty>
			</InstgPty>
			<InstdPty>
				<InstdDrctPty>103100000118</InstdDrctPty>
				<InstdPty>103100000118</InstdPty>
			</InstdPty>
			<SysCd>SAPS</SysCd>
			<Rmk>日间透支信息报文</Rmk>
		</GrpHdr>
		<OverDrftIntrstAcrlInf>
			<ChckngDt>1967-08-13</ChckngDt>
			<IntrstAcrlNb>0</IntrstAcrlNb>
			<TtlAcrlAmt Ccy="CNY">3.14159</TtlAcrlAmt>
			<IntrstAcrlList>
				<IntrstAcrlId>String</IntrstAcrlId>
				<OverDrftIntrstAmt Ccy="CNY">3.14159</OverDrftIntrstAmt>
			</IntrstAcrlList>
		</OverDrftIntrstAcrlInf>
	</OverDrftInfNtfctn>
</Document>
