<?xml version="1.0" encoding="UTF-8"?>
<!--Sample XML file generated by XMLSpy v2009 sp1 (http://www.altova.com)-->
<Document xsi:schemaLocation="urn:cnaps:std:saps:2010:tech:xsd:saps.730.001.01 saps.730.001.01.xsd" xmlns="urn:cnaps:std:saps:2010:tech:xsd:saps.730.001.01" xmlns:xsi="http://www.w3.org/2001/XMLSchema-instance">
	<ACSABSSttlmColltnChckng>
		<GrpHdr>
			<MsgId>2010090977527598</MsgId>
			<CreDtTm>2010-09-09T09:30:47</CreDtTm>
			<InstgPty>
				<InstgDrctPty>0000</InstgDrctPty>
				<InstgPty>0000</InstgPty>
			</InstgPty>
			<InstdPty>
				<InstdDrctPty>308581000106</InstdDrctPty>
				<InstdPty>308581000106</InstdPty>
			</InstdPty>
			<SysCd>SAPS</SysCd>
			<Rmk>a</Rmk>
		</GrpHdr>
		<ACSABSSttlmColltnChckngInf>
			<ChckngDt>2010-09-09</ChckngDt>
			<UnltrlChckng>
				<RspnSts>PR04</RspnSts>
				<TtlNb>2</TtlNb>
				<NbOfDbt>1</NbOfDbt>
				<DbtAmt>CNY+100.00</DbtAmt>
				<NbOfCdt>1</NbOfCdt>
				<CdtAmt>CNY+100.00</CdtAmt>
			</UnltrlChckng>
			<RvslChckng>
				<RspnSts>PR04</RspnSts>
				<TtlNb>2</TtlNb>
				<NbOfDbt>1</NbOfDbt>
				<DbtAmt>CNY+100.00</DbtAmt>
				<NbOfCdt>1</NbOfCdt>
				<CdtAmt>CNY+100.00</CdtAmt>
			</RvslChckng>
			<NetgChckng>
					<RspnSts>PR04</RspnSts>
					<MsgId>2010090977527528</MsgId>
					<NbOfDbt>1</NbOfDbt>
					<DbtAmt>CNY+100.00</DbtAmt>
					<NbOfCdt>1</NbOfCdt>
					<CdtAmt>CNY+100.00</CdtAmt>
			</NetgChckng>
		</ACSABSSttlmColltnChckngInf>
	</ACSABSSttlmColltnChckng>
</Document>
