<?xml version="1.0" encoding="UTF-8"?>
<!--Sample XML file generated by XMLSpy v2009 sp1 (http://www.altova.com)-->
<Document xsi:schemaLocation="urn:cnaps:std:saps:2010:tech:xsd:saps.370.001.01 saps.370.001.01.xsd" xmlns="urn:cnaps:std:saps:2010:tech:xsd:saps.370.001.01" xmlns:xsi="http://www.w3.org/2001/XMLSchema-instance">
	<AcctOpngAppl>
		<GrpHdr>
			<MsgId>2010090912335679</MsgId>
			<CreDtTm>2010-09-09T09:30:47</CreDtTm>
			<InstgPty>
				<InstgDrctPty>308581000106</InstgDrctPty>
				<InstgPty>308581000106</InstgPty>
			</InstgPty>
			<InstdPty>
				<InstdDrctPty>0000</InstdDrctPty>
				<InstdPty>0000</InstdPty>
			</InstdPty>
			<SysCd>SAPS</SysCd>
			<Rmk>a</Rmk>
		</GrpHdr>
		<AcctOpngApplInf>
			<MmbId>907100011301</MmbId>
			<Nm>农业银行</Nm>
			<PtyCtgy>PC01</PtyCtgy>
			<Bal>CNY+100.00</Bal>
			<RstrctAmtLwrLmt>CNY+100.00</RstrctAmtLwrLmt>
		</AcctOpngApplInf>
	</AcctOpngAppl>
</Document>
