<?xml version="1.0" encoding="UTF-8"?>
<!--Sample XML file generated by XMLSpy v2009 sp1 (http://www.altova.com)-->
<Document xsi:schemaLocation="urn:cnaps:std:saps:2010:tech:xsd:saps.738.001.01 saps.738.001.01.xsd" xmlns="urn:cnaps:std:saps:2010:tech:xsd:saps.738.001.01" xmlns:xsi="http://www.w3.org/2001/XMLSchema-instance">
	<BalWorkDayChckngRspn>
		<GrpHdr>
			<MsgId>2010090912559278</MsgId>
			<CreDtTm>2010-09-09T09:30:47</CreDtTm>
			<InstgPty>
				<InstgDrctPty>0000</InstgDrctPty>
				<InstgPty>0000</InstgPty>
			</InstgPty>
			<InstdPty>
				<InstdDrctPty>308581000106</InstdDrctPty>
				<InstdPty>308581000106</InstdPty>
			</InstdPty>
			<SysCd>SAPS</SysCd>
			<Rmk>a</Rmk>
		</GrpHdr>
		<Prttn>
			<TtlNb>1</TtlNb>
			<StartNb>1</StartNb>
			<EndNb>1</EndNb>
		</Prttn>
		<OrgnlGrpHdr>
			<OrgnlMsgId>2010090912555595</OrgnlMsgId>
			<OrgnlInstgPty>308581000106</OrgnlInstgPty>
			<OrgnlMT>saps.738.001.01</OrgnlMT>
		</OrgnlGrpHdr>
		<BalWorkDayChckngRspnInf>
			<ChckngRslt>CR01</ChckngRslt>
			<NbOfUmtchd>1</NbOfUmtchd>
			<UmtchdList>
				<MmbId>907100011301</MmbId>
				<ACSInitlAmt>CNY+100.00</ACSInitlAmt>
				<SAPSInitlAmt>CNY+101.00</SAPSInitlAmt>
			</UmtchdList>
		</BalWorkDayChckngRspnInf>
	</BalWorkDayChckngRspn>
</Document>
