<?xml version="1.0" encoding="UTF-8"?>
<!--Sample XML file generated by XMLSpy v2009 sp1 (http://www.altova.com)-->
<Document xsi:schemaLocation="urn:cnaps:std:saps:2010:tech:xsd:saps.361.001.01 saps.361.001.01.xsd" xmlns="urn:cnaps:std:saps:2010:tech:xsd:saps.361.001.01" xmlns:xsi="http://www.w3.org/2001/XMLSchema-instance">
	<BalWrngSetng>
		<GrpHdr>
			<MsgId>2010090912345678</MsgId>
			<CreDtTm>2010-09-09T09:30:47</CreDtTm>
			<InstgPty>
				<InstgDrctPty>103100000018</InstgDrctPty>
				<InstgPty>103100000018</InstgPty>
			</InstgPty>
			<InstdPty>
				<InstdDrctPty>0000</InstdDrctPty>
				<InstdPty>0000</InstdPty>
			</InstdPty>
			<SysCd>SAPS</SysCd>
			<Rmk>a</Rmk>
		</GrpHdr>
		<BalWrngSetngInf>
			<MmbId>104100004370</MmbId>
			<SwtchTp>ST00</SwtchTp>
			<AcctWrngVal Ccy="CNY">100.00</AcctWrngVal>
			<WrngPlusMnsTp>PM00</WrngPlusMnsTp>
		</BalWrngSetngInf>
	</BalWrngSetng>
</Document>
