<?xml version="1.0" encoding="UTF-8"?>
<Document xmlns="urn:cnaps:std:saps:2010:tech:xsd:saps.366.001.02">
	<AcctInfQryAppl>
		<GrpHdr>
			<MsgId>2010090912345678</MsgId>
			<CreDtTm>2010-09-09T09:30:47</CreDtTm>
			<InstgPty>
				<InstgDrctPty>104100004370</InstgDrctPty>
				<InstgPty>104100004370</InstgPty>
			</InstgPty>
			<InstdPty>
				<InstdDrctPty>0000</InstdDrctPty>
				<InstdPty>0000</InstdPty>
			</InstdPty>
			<SysCd>SAPS</SysCd>
			<Rmk>a</Rmk>
		</GrpHdr>
		<AcctInfQryApplInf>
			<QryTp>QT00</QryTp>
			<MgrId>104100004370</MgrId>
		</AcctInfQryApplInf>
	</AcctInfQryAppl>
</Document>
