<?xml version="1.0" encoding="UTF-8"?>
<!--Sample XML file generated by XMLSpy v2009 (http://www.altova.com)-->
<Document xsi:schemaLocation="urn:cnaps:std:saps:2010:tech:xsd:saps.619.001.01 saps.619.001.01.xsd" xmlns="urn:cnaps:std:saps:2010:tech:xsd:saps.619.001.01" xmlns:xsi="http://www.w3.org/2001/XMLSchema-instance">
	<ECDSChrgList>
		<GrpHdr>
			<MsgId>a</MsgId>
			<CreDtTm>2001-12-17T09:30:47Z</CreDtTm>
			<InstgPty>
				<InstgDrctPty>a</InstgDrctPty>
				<InstgPty>a</InstgPty>
			</InstgPty>
			<InstdPty>
				<InstdDrctPty>a</InstdDrctPty>
				<InstdPty>a</InstdPty>
			</InstdPty>
			<SysCd>SAPS</SysCd>
			<Rmk>a</Rmk>
		</GrpHdr>
		<ChrgListInf>
			<ChrgPtcpt>a</ChrgPtcpt>
			<TtlAmt Ccy="AAA">0</TtlAmt>
		</ChrgListInf>
	</ECDSChrgList>
</Document>
