<?xml version="1.0" encoding="UTF-8"?>
<!--Sample XML file generated by XMLSpy v2009 sp1 (http://www.altova.com)-->
<Document xsi:schemaLocation="urn:cnaps:std:saps:2010:tech:xsd:saps.731.001.01 saps.731.001.01.xsd" xmlns="urn:cnaps:std:saps:2010:tech:xsd:saps.731.001.01" xmlns:xsi="http://www.w3.org/2001/XMLSchema-instance">
	<ACSABSSttlmDtlAppl>
		<GrpHdr>
			<MsgId>2010090977627598</MsgId>
			<CreDtTm>2010-09-09T09:30:47</CreDtTm>
			<InstgPty>
				<InstgDrctPty>308581000106</InstgDrctPty>
				<InstgPty>308581000106</InstgPty>
			</InstgPty>
			<InstdPty>
				<InstdDrctPty>0000</InstdDrctPty>
				<InstdPty>0000</InstdPty>
			</InstdPty>
			<SysCd>SAPS</SysCd>
			<Rmk>a</Rmk>
		</GrpHdr>
		<ACSABSSttlmDtlApplInf>
			<ChckngDt>2010-09-09</ChckngDt>
			<QryInf>
				<QryCtgy>H004</QryCtgy>
				<QryTp>
					<RspnSts>PR04</RspnSts>
				</QryTp>
			</QryInf>
		</ACSABSSttlmDtlApplInf>
	</ACSABSSttlmDtlAppl>
</Document>
