<?xml version="1.0" encoding="UTF-8"?>
<!--Sample XML file generated by XMLSpy v2009 sp1 (http://www.altova.com)-->
<Document xsi:schemaLocation="urn:cnaps:std:saps:2010:tech:xsd:saps.611.001.01 saps.611.001.01.xsd" xmlns="urn:cnaps:std:saps:2010:tech:xsd:saps.611.001.01" xmlns:xsi="http://www.w3.org/2001/XMLSchema-instance">
	<IntraCityNetgSttlm>
		<GrpHdr>
			<MsgId>2010090912555609</MsgId>
			<CreDtTm>2010-09-09T09:30:47</CreDtTm>
			<InstgPty>
				<InstgDrctPty>308581000106</InstgDrctPty>
				<InstgPty>308581000106</InstgPty>
			</InstgPty>
			<InstdPty>
				<InstdDrctPty>0000</InstdDrctPty>
				<InstdPty>0000</InstdPty>
			</InstdPty>
			<SysCd>SAPS</SysCd>
			<Rmk>a</Rmk>
		</GrpHdr>
		<IntraCityNetgSttlmInf>
			<TxTp>H003</TxTp>
			<CtgyPurpCd>04801</CtgyPurpCd>
			<NetgRnd>1</NetgRnd>
			<DbtrAmt>CNY+0.00</DbtrAmt>
			<CdtrAmt>CNY+100.00</CdtrAmt>
			<NbOfMmb>1</NbOfMmb>
			<BookgList>
				<BookgId>907100011301</BookgId>
				<DbtCdtId>CRDT</DbtCdtId>
				<Amt Ccy="CNY">100.00</Amt>
				<ZeroBalAcct>123456789<ZeroBalAcct>
			</BookgList>
		</IntraCityNetgSttlmInf>
	</IntraCityNetgSttlm>
</Document>
