<?xml version="1.0" encoding="UTF-8"?>
<!--Sample XML file generated by XMLSpy v2009 sp1 (http://www.altova.com)-->
<Document xsi:schemaLocation="urn:cnaps:std:saps:2010:tech:xsd:saps.604.001.01 saps.604.001.01.xsd" xmlns="urn:cnaps:std:saps:2010:tech:xsd:saps.604.001.01" xmlns:xsi="http://www.w3.org/2001/XMLSchema-instance">
	<SttlmRtrRct>
		<GrpHdr>
			<MsgId>2010090912345609</MsgId>
			<CreDtTm>2010-09-09T09:30:47</CreDtTm>
			<InstgPty>
				<InstgDrctPty>0000</InstgDrctPty>
				<InstgPty>0000</InstgPty>
			</InstgPty>
			<InstdPty>
				<InstdDrctPty>104100004370</InstdDrctPty>
				<InstdPty>104100004370</InstdPty>
			</InstdPty>
			<SysCd>SAPS</SysCd>
			<Rmk>a</Rmk>
		</GrpHdr>
		<OrgnlGrpHdr>
			<OrgnlMsgId>20100909123456067</OrgnlMsgId>
			<OrgnlInstgPty>104100004370</OrgnlInstgPty>
			<OrgnlMT>hvps.141.001.01</OrgnlMT>
		</OrgnlGrpHdr>
		<NPCPrcInf>
			<PrcSts>PR04</PrcSts>
			<PrcCd>CB1I0000</PrcCd>
		</NPCPrcInf>
		<AcctInf>
			<Bal>CNY+10.00</Bal>
		</AcctInf>
	</SttlmRtrRct>
</Document>
