<?xml version="1.0" encoding="UTF-8"?>
<!--Sample XML file generated by XMLSpy v2009 sp1 (http://www.altova.com)-->
<Document xsi:schemaLocation="urn:cnaps:std:saps:2010:tech:xsd:saps.369.001.01 saps.369.001.01.xsd" xmlns="urn:cnaps:std:saps:2010:tech:xsd:saps.369.001.01" xmlns:xsi="http://www.w3.org/2001/XMLSchema-instance">
	<LqdtyQryRspn>
		<GrpHdr>
			<MsgId>2010090912345679</MsgId>
			<CreDtTm>2010-09-09T09:30:47</CreDtTm>
			<InstgPty>
				<InstgDrctPty>0000</InstgDrctPty>
				<InstgPty>0000</InstgPty>
			</InstgPty>
			<InstdPty>
				<InstdDrctPty>103100000018</InstdDrctPty>
				<InstdPty>103100000018</InstdPty>
			</InstdPty>
			<SysCd>SAPS</SysCd>
			<Rmk>a</Rmk>
		</GrpHdr>
		<Prttn>
			<TtlNb>1</TtlNb>
			<StartNb>1</StartNb>
			<EndNb>1</EndNb>
		</Prttn>
		<OrgnlGrpHdr>
			<OrgnlMsgId>2010090912345678</OrgnlMsgId>
			<OrgnlInstgPty>103100000018</OrgnlInstgPty>
			<OrgnlMT>saps.368.001.01</OrgnlMT>
		</OrgnlGrpHdr>
		<RspnInf>
			<PrcSts>PR05</PrcSts>
			<QryTp>QT02</QryTp>
			<MgrId>001110021212</MgrId>
			<PrcCd>CB1I0000</PrcCd>
		</RspnInf>
		<LqdtyInf>
			<TtlAcct>2</TtlAcct>
			<TtlBal>CNY+200.00</TtlBal>
			<TtlCurAmt>CNY+200.00</TtlCurAmt>
			<TtlXpctdAmt>CNY+200.00</TtlXpctdAmt>
			<NbOfSttlmAcct>1</NbOfSttlmAcct>
			<SttlmBal>CNY+100.00</SttlmBal>
			<SttlmCurAmt>CNY+100.00</SttlmCurAmt>
			<SttlmXpctdAmt>CNY+100.00</SttlmXpctdAmt>
			<SttlmAcctInf>
				<MmbId>103100000018</MmbId>
				<SttlmAcctNm>工商银行</SttlmAcctNm>
				<Bal>CNY+100.00</Bal>
				<CurAmt>CNY+100.00</CurAmt>
				<XpctdAmt>CNY+100.00</XpctdAmt>
				<DbtAmt>CNY+100.00</DbtAmt>
				<CdtAmt>CNY+100.00</CdtAmt>
				<NbOfMmb>1</NbOfMmb>
				<OthrAcctBal>CNY+100.00</OthrAcctBal>
				<OthrAcctInf>
					<MmbId>10310000001823</MmbId>
					<Nm>工商银行</Nm>
					<Bal>CNY+100.00</Bal>
					<CurAmt>CNY+100.00</CurAmt>
				  <XpctdAmt>CNY+100.00</XpctdAmt>
				  <DbtAmt>CNY+100.00</DbtAmt>
				  <CdtAmt>CNY+100.00</CdtAmt>
				</OthrAcctInf>
			</SttlmAcctInf>
		</LqdtyInf>
	</LqdtyQryRspn>
</Document>
