<?xml version="1.0" encoding="UTF-8"?>
<!--Sample XML file generated by XMLSpy v2009 sp1 (http://www.altova.com)-->
<Document xsi:schemaLocation="urn:cnaps:std:saps:2010:tech:xsd:saps.362.001.01 saps.362.001.01.xsd" xmlns="urn:cnaps:std:saps:2010:tech:xsd:saps.362.001.01" xmlns:xsi="http://www.w3.org/2001/XMLSchema-instance">
	<BalWrngNtfctn>
		<GrpHdr>
			<MsgId>2010090912345678</MsgId>
			<CreDtTm>2010-09-09T09:30:47</CreDtTm>
			<InstgPty>
				<InstgDrctPty>0000</InstgDrctPty>
				<InstgPty>0000</InstgPty>
			</InstgPty>
			<InstdPty>
				<InstdDrctPty>103100000018</InstdDrctPty>
				<InstdPty>103100000018</InstdPty>
			</InstdPty>
			<SysCd>SAPS</SysCd>
			<Rmk>a</Rmk>
		</GrpHdr>
		<BalWrngNtfctnInf>
			<MmbId>104100004370</MmbId>
			<WrngTp>WR00</WrngTp>
			<WrngVal Ccy="CNY">1000.00</WrngVal>
			<WrngPlusMnsTp>PM00</WrngPlusMnsTp>
			<CurBal Ccy="CNY">100.00</CurBal>
			<PlusMnsTp>PM00</PlusMnsTp>
		</BalWrngNtfctnInf>
	</BalWrngNtfctn>
</Document>
