<?xml version="1.0" encoding="UTF-8" ?>
<!DOCTYPE mapper PUBLIC "-//mybatis.org//DTD Mapper 3.0//EN" "http://mybatis.org/dtd/mybatis-3-mapper.dtd" >
<mapper namespace="com.huateng.user.dal.dao.ConfigInfoMapper" >
  <resultMap id="BaseResultMap" type="com.huateng.user.dal.model.ConfigInfo" >
    <id column="ID" property="id" jdbcType="VARCHAR" />
    <result column="CONFIG_NAME" property="configName" jdbcType="VARCHAR" />
    <result column="CONFIG_KEY" property="configKey" jdbcType="VARCHAR" />
    <result column="CONFIG_VALUE" property="configValue" jdbcType="VARCHAR" />
    <result column="CONFIG_TYPE" property="configType" jdbcType="DECIMAL" />
    <result column="CREATE_BY" property="createBy" jdbcType="VARCHAR" />
    <result column="CREATE_TIME" property="createTime" jdbcType="TIMESTAMP" />
    <result column="UPDATE_BY" property="updateBy" jdbcType="VARCHAR" />
    <result column="UPDATE_TIME" property="updateTime" jdbcType="TIMESTAMP" />
    <result column="REMARK" property="remark" jdbcType="VARCHAR" />
  </resultMap>
  <sql id="Example_Where_Clause" >
    <where >
      <foreach collection="oredCriteria" item="criteria" separator="or" >
        <if test="criteria.valid" >
          <trim prefix="(" suffix=")" prefixOverrides="and" >
            <foreach collection="criteria.criteria" item="criterion" >
              <choose >
                <when test="criterion.noValue" >
                  and ${criterion.condition}
                </when>
                <when test="criterion.singleValue" >
                  and ${criterion.condition} #{criterion.value}
                </when>
                <when test="criterion.betweenValue" >
                  and ${criterion.condition} #{criterion.value} and #{criterion.secondValue}
                </when>
                <when test="criterion.listValue" >
                  and ${criterion.condition}
                  <foreach collection="criterion.value" item="listItem" open="(" close=")" separator="," >
                    #{listItem}
                  </foreach>
                </when>
              </choose>
            </foreach>
          </trim>
        </if>
      </foreach>
    </where>
  </sql>
  <sql id="Update_By_Example_Where_Clause" >
    <where >
      <foreach collection="example.oredCriteria" item="criteria" separator="or" >
        <if test="criteria.valid" >
          <trim prefix="(" suffix=")" prefixOverrides="and" >
            <foreach collection="criteria.criteria" item="criterion" >
              <choose >
                <when test="criterion.noValue" >
                  and ${criterion.condition}
                </when>
                <when test="criterion.singleValue" >
                  and ${criterion.condition} #{criterion.value}
                </when>
                <when test="criterion.betweenValue" >
                  and ${criterion.condition} #{criterion.value} and #{criterion.secondValue}
                </when>
                <when test="criterion.listValue" >
                  and ${criterion.condition}
                  <foreach collection="criterion.value" item="listItem" open="(" close=")" separator="," >
                    #{listItem}
                  </foreach>
                </when>
              </choose>
            </foreach>
          </trim>
        </if>
      </foreach>
    </where>
  </sql>
  <sql id="Base_Column_List" >
    ID, CONFIG_NAME, CONFIG_KEY, CONFIG_VALUE, CONFIG_TYPE, CREATE_BY, CREATE_TIME, UPDATE_BY, 
    UPDATE_TIME, REMARK
  </sql>
  <select id="selectByExample" resultMap="BaseResultMap" parameterType="com.huateng.user.dal.model.ConfigInfoExample" >
    select
    <if test="distinct" >
      distinct
    </if>
    <include refid="Base_Column_List" />
    from SYS_CONFIG_INFO
    <if test="_parameter != null" >
      <include refid="Example_Where_Clause" />
    </if>
    <if test="orderByClause != null" >
      order by ${orderByClause}
    </if>
  </select>
  <select id="selectByPrimaryKey" resultMap="BaseResultMap" parameterType="java.lang.String" >
    select 
    <include refid="Base_Column_List" />
    from SYS_CONFIG_INFO
    where ID = #{id,jdbcType=VARCHAR}
  </select>
  <delete id="deleteByPrimaryKey" parameterType="java.lang.String" >
    delete from SYS_CONFIG_INFO
    where ID = #{id,jdbcType=VARCHAR}
  </delete>
  <delete id="deleteByExample" parameterType="com.huateng.user.dal.model.ConfigInfoExample" >
    delete from SYS_CONFIG_INFO
    <if test="_parameter != null" >
      <include refid="Example_Where_Clause" />
    </if>
  </delete>
  <insert id="insert" parameterType="com.huateng.user.dal.model.ConfigInfo" >
    <selectKey resultType="java.lang.String" keyProperty="id" order="BEFORE" >
      GENID('SYS_CONFIG_INFO')
    </selectKey>
    insert into SYS_CONFIG_INFO (ID, CONFIG_NAME, CONFIG_KEY, 
      CONFIG_VALUE, CONFIG_TYPE, CREATE_BY, 
      CREATE_TIME, UPDATE_BY, UPDATE_TIME, 
      REMARK)
    values (#{id,jdbcType=VARCHAR}, #{configName,jdbcType=VARCHAR}, #{configKey,jdbcType=VARCHAR}, 
      #{configValue,jdbcType=VARCHAR}, #{configType,jdbcType=DECIMAL}, #{createBy,jdbcType=VARCHAR}, 
      #{createTime,jdbcType=TIMESTAMP}, #{updateBy,jdbcType=VARCHAR}, #{updateTime,jdbcType=TIMESTAMP}, 
      #{remark,jdbcType=VARCHAR})
  </insert>
  <insert id="insertSelective" parameterType="com.huateng.user.dal.model.ConfigInfo" >
    <selectKey resultType="java.lang.String" keyProperty="id" order="BEFORE" >
      GENID('SYS_CONFIG_INFO')
    </selectKey>
    insert into SYS_CONFIG_INFO
    <trim prefix="(" suffix=")" suffixOverrides="," >
      ID,
      <if test="configName != null" >
        CONFIG_NAME,
      </if>
      <if test="configKey != null" >
        CONFIG_KEY,
      </if>
      <if test="configValue != null" >
        CONFIG_VALUE,
      </if>
      <if test="configType != null" >
        CONFIG_TYPE,
      </if>
      <if test="createBy != null" >
        CREATE_BY,
      </if>
      <if test="createTime != null" >
        CREATE_TIME,
      </if>
      <if test="updateBy != null" >
        UPDATE_BY,
      </if>
      <if test="updateTime != null" >
        UPDATE_TIME,
      </if>
      <if test="remark != null" >
        REMARK,
      </if>
    </trim>
    <trim prefix="values (" suffix=")" suffixOverrides="," >
      #{id,jdbcType=VARCHAR},
      <if test="configName != null" >
        #{configName,jdbcType=VARCHAR},
      </if>
      <if test="configKey != null" >
        #{configKey,jdbcType=VARCHAR},
      </if>
      <if test="configValue != null" >
        #{configValue,jdbcType=VARCHAR},
      </if>
      <if test="configType != null" >
        #{configType,jdbcType=DECIMAL},
      </if>
      <if test="createBy != null" >
        #{createBy,jdbcType=VARCHAR},
      </if>
      <if test="createTime != null" >
        #{createTime,jdbcType=TIMESTAMP},
      </if>
      <if test="updateBy != null" >
        #{updateBy,jdbcType=VARCHAR},
      </if>
      <if test="updateTime != null" >
        #{updateTime,jdbcType=TIMESTAMP},
      </if>
      <if test="remark != null" >
        #{remark,jdbcType=VARCHAR},
      </if>
    </trim>
  </insert>
  <select id="countByExample" parameterType="com.huateng.user.dal.model.ConfigInfoExample" resultType="java.lang.Integer" >
    select count(*) from SYS_CONFIG_INFO
    <if test="_parameter != null" >
      <include refid="Example_Where_Clause" />
    </if>
  </select>
  <update id="updateByExampleSelective" parameterType="map" >
    update SYS_CONFIG_INFO
    <set >
      <if test="record.id != null" >
        ID = #{record.id,jdbcType=VARCHAR},
      </if>
      <if test="record.configName != null" >
        CONFIG_NAME = #{record.configName,jdbcType=VARCHAR},
      </if>
      <if test="record.configKey != null" >
        CONFIG_KEY = #{record.configKey,jdbcType=VARCHAR},
      </if>
      <if test="record.configValue != null" >
        CONFIG_VALUE = #{record.configValue,jdbcType=VARCHAR},
      </if>
      <if test="record.configType != null" >
        CONFIG_TYPE = #{record.configType,jdbcType=DECIMAL},
      </if>
      <if test="record.createBy != null" >
        CREATE_BY = #{record.createBy,jdbcType=VARCHAR},
      </if>
      <if test="record.createTime != null" >
        CREATE_TIME = #{record.createTime,jdbcType=TIMESTAMP},
      </if>
      <if test="record.updateBy != null" >
        UPDATE_BY = #{record.updateBy,jdbcType=VARCHAR},
      </if>
      <if test="record.updateTime != null" >
        UPDATE_TIME = #{record.updateTime,jdbcType=TIMESTAMP},
      </if>
      <if test="record.remark != null" >
        REMARK = #{record.remark,jdbcType=VARCHAR},
      </if>
    </set>
    <if test="_parameter != null" >
      <include refid="Update_By_Example_Where_Clause" />
    </if>
  </update>
  <update id="updateByExample" parameterType="map" >
    update SYS_CONFIG_INFO
    set ID = #{record.id,jdbcType=VARCHAR},
      CONFIG_NAME = #{record.configName,jdbcType=VARCHAR},
      CONFIG_KEY = #{record.configKey,jdbcType=VARCHAR},
      CONFIG_VALUE = #{record.configValue,jdbcType=VARCHAR},
      CONFIG_TYPE = #{record.configType,jdbcType=DECIMAL},
      CREATE_BY = #{record.createBy,jdbcType=VARCHAR},
      CREATE_TIME = #{record.createTime,jdbcType=TIMESTAMP},
      UPDATE_BY = #{record.updateBy,jdbcType=VARCHAR},
      UPDATE_TIME = #{record.updateTime,jdbcType=TIMESTAMP},
      REMARK = #{record.remark,jdbcType=VARCHAR}
    <if test="_parameter != null" >
      <include refid="Update_By_Example_Where_Clause" />
    </if>
  </update>
  <update id="updateByPrimaryKeySelective" parameterType="com.huateng.user.dal.model.ConfigInfo" >
    update SYS_CONFIG_INFO
    <set >
      <if test="configName != null" >
        CONFIG_NAME = #{configName,jdbcType=VARCHAR},
      </if>
      <if test="configKey != null" >
        CONFIG_KEY = #{configKey,jdbcType=VARCHAR},
      </if>
      <if test="configValue != null" >
        CONFIG_VALUE = #{configValue,jdbcType=VARCHAR},
      </if>
      <if test="configType != null" >
        CONFIG_TYPE = #{configType,jdbcType=DECIMAL},
      </if>
      <if test="createBy != null" >
        CREATE_BY = #{createBy,jdbcType=VARCHAR},
      </if>
      <if test="createTime != null" >
        CREATE_TIME = #{createTime,jdbcType=TIMESTAMP},
      </if>
      <if test="updateBy != null" >
        UPDATE_BY = #{updateBy,jdbcType=VARCHAR},
      </if>
      <if test="updateTime != null" >
        UPDATE_TIME = #{updateTime,jdbcType=TIMESTAMP},
      </if>
      <if test="remark != null" >
        REMARK = #{remark,jdbcType=VARCHAR},
      </if>
    </set>
    where ID = #{id,jdbcType=VARCHAR}
  </update>
  <update id="updateByPrimaryKey" parameterType="com.huateng.user.dal.model.ConfigInfo" >
    update SYS_CONFIG_INFO
    set CONFIG_NAME = #{configName,jdbcType=VARCHAR},
      CONFIG_KEY = #{configKey,jdbcType=VARCHAR},
      CONFIG_VALUE = #{configValue,jdbcType=VARCHAR},
      CONFIG_TYPE = #{configType,jdbcType=DECIMAL},
      CREATE_BY = #{createBy,jdbcType=VARCHAR},
      CREATE_TIME = #{createTime,jdbcType=TIMESTAMP},
      UPDATE_BY = #{updateBy,jdbcType=VARCHAR},
      UPDATE_TIME = #{updateTime,jdbcType=TIMESTAMP},
      REMARK = #{remark,jdbcType=VARCHAR}
    where ID = #{id,jdbcType=VARCHAR}
  </update>
</mapper>