<?xml version="1.0" encoding="UTF-8" ?>
<!DOCTYPE mapper PUBLIC "-//mybatis.org//DTD Mapper 3.0//EN" "http://mybatis.org/dtd/mybatis-3-mapper.dtd" >
<mapper namespace="com.huateng.user.dal.dao.DeptInfoMapper" >
  <resultMap id="BaseResultMap" type="com.huateng.user.dal.model.DeptInfo" >
    <id column="ID" property="id" jdbcType="VARCHAR" />
    <result column="TENANT_ID" property="tenantId" jdbcType="VARCHAR" />
    <result column="TENANT_CODE" property="tenantCode" jdbcType="VARCHAR" />
    <result column="PARENT_ID" property="parentId" jdbcType="VARCHAR" />
    <result column="DEPT_CODE" property="deptCode" jdbcType="VARCHAR" />
    <result column="DEPT_NAME" property="deptName" jdbcType="VARCHAR" />
    <result column="ANCESTORS" property="ancestors" jdbcType="VARCHAR" />
    <result column="ANCESTORS_CODES" property="ancestorsCodes" jdbcType="VARCHAR" />
    <result column="ORDER_NUM" property="orderNum" jdbcType="DECIMAL" />
    <result column="LEADER" property="leader" jdbcType="VARCHAR" />
    <result column="PHONE" property="phone" jdbcType="VARCHAR" />
    <result column="EMAIL" property="email" jdbcType="VARCHAR" />
    <result column="STATUS" property="status" jdbcType="DECIMAL" />
    <result column="DEL_FLAG" property="delFlag" jdbcType="DECIMAL" />
    <result column="CREATE_BY" property="createBy" jdbcType="VARCHAR" />
    <result column="CREATE_TIME" property="createTime" jdbcType="TIMESTAMP" />
    <result column="UPDATE_BY" property="updateBy" jdbcType="VARCHAR" />
    <result column="UPDATE_TIME" property="updateTime" jdbcType="TIMESTAMP" />
  </resultMap>
  <sql id="Example_Where_Clause" >
    <where >
      <foreach collection="oredCriteria" item="criteria" separator="or" >
        <if test="criteria.valid" >
          <trim prefix="(" suffix=")" prefixOverrides="and" >
            <foreach collection="criteria.criteria" item="criterion" >
              <choose >
                <when test="criterion.noValue" >
                  and ${criterion.condition}
                </when>
                <when test="criterion.singleValue" >
                  and ${criterion.condition} #{criterion.value}
                </when>
                <when test="criterion.betweenValue" >
                  and ${criterion.condition} #{criterion.value} and #{criterion.secondValue}
                </when>
                <when test="criterion.listValue" >
                  and ${criterion.condition}
                  <foreach collection="criterion.value" item="listItem" open="(" close=")" separator="," >
                    #{listItem}
                  </foreach>
                </when>
              </choose>
            </foreach>
          </trim>
        </if>
      </foreach>
    </where>
  </sql>
  <sql id="Update_By_Example_Where_Clause" >
    <where >
      <foreach collection="example.oredCriteria" item="criteria" separator="or" >
        <if test="criteria.valid" >
          <trim prefix="(" suffix=")" prefixOverrides="and" >
            <foreach collection="criteria.criteria" item="criterion" >
              <choose >
                <when test="criterion.noValue" >
                  and ${criterion.condition}
                </when>
                <when test="criterion.singleValue" >
                  and ${criterion.condition} #{criterion.value}
                </when>
                <when test="criterion.betweenValue" >
                  and ${criterion.condition} #{criterion.value} and #{criterion.secondValue}
                </when>
                <when test="criterion.listValue" >
                  and ${criterion.condition}
                  <foreach collection="criterion.value" item="listItem" open="(" close=")" separator="," >
                    #{listItem}
                  </foreach>
                </when>
              </choose>
            </foreach>
          </trim>
        </if>
      </foreach>
    </where>
  </sql>
  <sql id="Base_Column_List" >
    ID, TENANT_ID, TENANT_CODE, PARENT_ID, DEPT_CODE, DEPT_NAME, ANCESTORS, ANCESTORS_CODES, 
    ORDER_NUM, LEADER, PHONE, EMAIL, STATUS, DEL_FLAG, CREATE_BY, CREATE_TIME, UPDATE_BY, 
    UPDATE_TIME
  </sql>
  <select id="selectByExample" resultMap="BaseResultMap" parameterType="com.huateng.user.dal.model.DeptInfoExample" >
    select
    <if test="distinct" >
      distinct
    </if>
    <include refid="Base_Column_List" />
    from SYS_DEPT_INFO
    <if test="_parameter != null" >
      <include refid="Example_Where_Clause" />
    </if>
    <if test="orderByClause != null" >
      order by ${orderByClause}
    </if>
  </select>
  <select id="selectByPrimaryKey" resultMap="BaseResultMap" parameterType="java.lang.String" >
    select 
    <include refid="Base_Column_List" />
    from SYS_DEPT_INFO
    where ID = #{id,jdbcType=VARCHAR}
  </select>
  <delete id="deleteByPrimaryKey" parameterType="java.lang.String" >
    delete from SYS_DEPT_INFO
    where ID = #{id,jdbcType=VARCHAR}
  </delete>
  <delete id="deleteByExample" parameterType="com.huateng.user.dal.model.DeptInfoExample" >
    delete from SYS_DEPT_INFO
    <if test="_parameter != null" >
      <include refid="Example_Where_Clause" />
    </if>
  </delete>
  <insert id="insert" parameterType="com.huateng.user.dal.model.DeptInfo" >
    <selectKey resultType="java.lang.String" keyProperty="id" order="BEFORE" >
      GENID('SYS_DEPT_INFO')
    </selectKey>
    insert into SYS_DEPT_INFO (ID, TENANT_ID, TENANT_CODE, 
      PARENT_ID, DEPT_CODE, DEPT_NAME, 
      ANCESTORS, ANCESTORS_CODES, ORDER_NUM, 
      LEADER, PHONE, EMAIL, 
      STATUS, DEL_FLAG, CREATE_BY, 
      CREATE_TIME, UPDATE_BY, UPDATE_TIME
      )
    values (#{id,jdbcType=VARCHAR}, #{tenantId,jdbcType=VARCHAR}, #{tenantCode,jdbcType=VARCHAR}, 
      #{parentId,jdbcType=VARCHAR}, #{deptCode,jdbcType=VARCHAR}, #{deptName,jdbcType=VARCHAR}, 
      #{ancestors,jdbcType=VARCHAR}, #{ancestorsCodes,jdbcType=VARCHAR}, #{orderNum,jdbcType=DECIMAL}, 
      #{leader,jdbcType=VARCHAR}, #{phone,jdbcType=VARCHAR}, #{email,jdbcType=VARCHAR}, 
      #{status,jdbcType=DECIMAL}, #{delFlag,jdbcType=DECIMAL}, #{createBy,jdbcType=VARCHAR}, 
      #{createTime,jdbcType=TIMESTAMP}, #{updateBy,jdbcType=VARCHAR}, #{updateTime,jdbcType=TIMESTAMP}
      )
  </insert>
  <insert id="insertSelective" parameterType="com.huateng.user.dal.model.DeptInfo" >
    <selectKey resultType="java.lang.String" keyProperty="id" order="BEFORE" >
      GENID('SYS_DEPT_INFO')
    </selectKey>
    insert into SYS_DEPT_INFO
    <trim prefix="(" suffix=")" suffixOverrides="," >
      ID,
      <if test="tenantId != null" >
        TENANT_ID,
      </if>
      <if test="tenantCode != null" >
        TENANT_CODE,
      </if>
      <if test="parentId != null" >
        PARENT_ID,
      </if>
      <if test="deptCode != null" >
        DEPT_CODE,
      </if>
      <if test="deptName != null" >
        DEPT_NAME,
      </if>
      <if test="ancestors != null" >
        ANCESTORS,
      </if>
      <if test="ancestorsCodes != null" >
        ANCESTORS_CODES,
      </if>
      <if test="orderNum != null" >
        ORDER_NUM,
      </if>
      <if test="leader != null" >
        LEADER,
      </if>
      <if test="phone != null" >
        PHONE,
      </if>
      <if test="email != null" >
        EMAIL,
      </if>
      <if test="status != null" >
        STATUS,
      </if>
      <if test="delFlag != null" >
        DEL_FLAG,
      </if>
      <if test="createBy != null" >
        CREATE_BY,
      </if>
      <if test="createTime != null" >
        CREATE_TIME,
      </if>
      <if test="updateBy != null" >
        UPDATE_BY,
      </if>
      <if test="updateTime != null" >
        UPDATE_TIME,
      </if>
    </trim>
    <trim prefix="values (" suffix=")" suffixOverrides="," >
      #{id,jdbcType=VARCHAR},
      <if test="tenantId != null" >
        #{tenantId,jdbcType=VARCHAR},
      </if>
      <if test="tenantCode != null" >
        #{tenantCode,jdbcType=VARCHAR},
      </if>
      <if test="parentId != null" >
        #{parentId,jdbcType=VARCHAR},
      </if>
      <if test="deptCode != null" >
        #{deptCode,jdbcType=VARCHAR},
      </if>
      <if test="deptName != null" >
        #{deptName,jdbcType=VARCHAR},
      </if>
      <if test="ancestors != null" >
        #{ancestors,jdbcType=VARCHAR},
      </if>
      <if test="ancestorsCodes != null" >
        #{ancestorsCodes,jdbcType=VARCHAR},
      </if>
      <if test="orderNum != null" >
        #{orderNum,jdbcType=DECIMAL},
      </if>
      <if test="leader != null" >
        #{leader,jdbcType=VARCHAR},
      </if>
      <if test="phone != null" >
        #{phone,jdbcType=VARCHAR},
      </if>
      <if test="email != null" >
        #{email,jdbcType=VARCHAR},
      </if>
      <if test="status != null" >
        #{status,jdbcType=DECIMAL},
      </if>
      <if test="delFlag != null" >
        #{delFlag,jdbcType=DECIMAL},
      </if>
      <if test="createBy != null" >
        #{createBy,jdbcType=VARCHAR},
      </if>
      <if test="createTime != null" >
        #{createTime,jdbcType=TIMESTAMP},
      </if>
      <if test="updateBy != null" >
        #{updateBy,jdbcType=VARCHAR},
      </if>
      <if test="updateTime != null" >
        #{updateTime,jdbcType=TIMESTAMP},
      </if>
    </trim>
  </insert>
  <select id="countByExample" parameterType="com.huateng.user.dal.model.DeptInfoExample" resultType="java.lang.Integer" >
    select count(*) from SYS_DEPT_INFO
    <if test="_parameter != null" >
      <include refid="Example_Where_Clause" />
    </if>
  </select>
  <update id="updateByExampleSelective" parameterType="map" >
    update SYS_DEPT_INFO
    <set >
      <if test="record.id != null" >
        ID = #{record.id,jdbcType=VARCHAR},
      </if>
      <if test="record.tenantId != null" >
        TENANT_ID = #{record.tenantId,jdbcType=VARCHAR},
      </if>
      <if test="record.tenantCode != null" >
        TENANT_CODE = #{record.tenantCode,jdbcType=VARCHAR},
      </if>
      <if test="record.parentId != null" >
        PARENT_ID = #{record.parentId,jdbcType=VARCHAR},
      </if>
      <if test="record.deptCode != null" >
        DEPT_CODE = #{record.deptCode,jdbcType=VARCHAR},
      </if>
      <if test="record.deptName != null" >
        DEPT_NAME = #{record.deptName,jdbcType=VARCHAR},
      </if>
      <if test="record.ancestors != null" >
        ANCESTORS = #{record.ancestors,jdbcType=VARCHAR},
      </if>
      <if test="record.ancestorsCodes != null" >
        ANCESTORS_CODES = #{record.ancestorsCodes,jdbcType=VARCHAR},
      </if>
      <if test="record.orderNum != null" >
        ORDER_NUM = #{record.orderNum,jdbcType=DECIMAL},
      </if>
      <if test="record.leader != null" >
        LEADER = #{record.leader,jdbcType=VARCHAR},
      </if>
      <if test="record.phone != null" >
        PHONE = #{record.phone,jdbcType=VARCHAR},
      </if>
      <if test="record.email != null" >
        EMAIL = #{record.email,jdbcType=VARCHAR},
      </if>
      <if test="record.status != null" >
        STATUS = #{record.status,jdbcType=DECIMAL},
      </if>
      <if test="record.delFlag != null" >
        DEL_FLAG = #{record.delFlag,jdbcType=DECIMAL},
      </if>
      <if test="record.createBy != null" >
        CREATE_BY = #{record.createBy,jdbcType=VARCHAR},
      </if>
      <if test="record.createTime != null" >
        CREATE_TIME = #{record.createTime,jdbcType=TIMESTAMP},
      </if>
      <if test="record.updateBy != null" >
        UPDATE_BY = #{record.updateBy,jdbcType=VARCHAR},
      </if>
      <if test="record.updateTime != null" >
        UPDATE_TIME = #{record.updateTime,jdbcType=TIMESTAMP},
      </if>
    </set>
    <if test="_parameter != null" >
      <include refid="Update_By_Example_Where_Clause" />
    </if>
  </update>
  <update id="updateByExample" parameterType="map" >
    update SYS_DEPT_INFO
    set ID = #{record.id,jdbcType=VARCHAR},
      TENANT_ID = #{record.tenantId,jdbcType=VARCHAR},
      TENANT_CODE = #{record.tenantCode,jdbcType=VARCHAR},
      PARENT_ID = #{record.parentId,jdbcType=VARCHAR},
      DEPT_CODE = #{record.deptCode,jdbcType=VARCHAR},
      DEPT_NAME = #{record.deptName,jdbcType=VARCHAR},
      ANCESTORS = #{record.ancestors,jdbcType=VARCHAR},
      ANCESTORS_CODES = #{record.ancestorsCodes,jdbcType=VARCHAR},
      ORDER_NUM = #{record.orderNum,jdbcType=DECIMAL},
      LEADER = #{record.leader,jdbcType=VARCHAR},
      PHONE = #{record.phone,jdbcType=VARCHAR},
      EMAIL = #{record.email,jdbcType=VARCHAR},
      STATUS = #{record.status,jdbcType=DECIMAL},
      DEL_FLAG = #{record.delFlag,jdbcType=DECIMAL},
      CREATE_BY = #{record.createBy,jdbcType=VARCHAR},
      CREATE_TIME = #{record.createTime,jdbcType=TIMESTAMP},
      UPDATE_BY = #{record.updateBy,jdbcType=VARCHAR},
      UPDATE_TIME = #{record.updateTime,jdbcType=TIMESTAMP}
    <if test="_parameter != null" >
      <include refid="Update_By_Example_Where_Clause" />
    </if>
  </update>
  <update id="updateByPrimaryKeySelective" parameterType="com.huateng.user.dal.model.DeptInfo" >
    update SYS_DEPT_INFO
    <set >
      <if test="tenantId != null" >
        TENANT_ID = #{tenantId,jdbcType=VARCHAR},
      </if>
      <if test="tenantCode != null" >
        TENANT_CODE = #{tenantCode,jdbcType=VARCHAR},
      </if>
      <if test="parentId != null" >
        PARENT_ID = #{parentId,jdbcType=VARCHAR},
      </if>
      <if test="deptCode != null" >
        DEPT_CODE = #{deptCode,jdbcType=VARCHAR},
      </if>
      <if test="deptName != null" >
        DEPT_NAME = #{deptName,jdbcType=VARCHAR},
      </if>
      <if test="ancestors != null" >
        ANCESTORS = #{ancestors,jdbcType=VARCHAR},
      </if>
      <if test="ancestorsCodes != null" >
        ANCESTORS_CODES = #{ancestorsCodes,jdbcType=VARCHAR},
      </if>
      <if test="orderNum != null" >
        ORDER_NUM = #{orderNum,jdbcType=DECIMAL},
      </if>
      <if test="leader != null" >
        LEADER = #{leader,jdbcType=VARCHAR},
      </if>
      <if test="phone != null" >
        PHONE = #{phone,jdbcType=VARCHAR},
      </if>
      <if test="email != null" >
        EMAIL = #{email,jdbcType=VARCHAR},
      </if>
      <if test="status != null" >
        STATUS = #{status,jdbcType=DECIMAL},
      </if>
      <if test="delFlag != null" >
        DEL_FLAG = #{delFlag,jdbcType=DECIMAL},
      </if>
      <if test="createBy != null" >
        CREATE_BY = #{createBy,jdbcType=VARCHAR},
      </if>
      <if test="createTime != null" >
        CREATE_TIME = #{createTime,jdbcType=TIMESTAMP},
      </if>
      <if test="updateBy != null" >
        UPDATE_BY = #{updateBy,jdbcType=VARCHAR},
      </if>
      <if test="updateTime != null" >
        UPDATE_TIME = #{updateTime,jdbcType=TIMESTAMP},
      </if>
    </set>
    where ID = #{id,jdbcType=VARCHAR}
  </update>
  <update id="updateByPrimaryKey" parameterType="com.huateng.user.dal.model.DeptInfo" >
    update SYS_DEPT_INFO
    set TENANT_ID = #{tenantId,jdbcType=VARCHAR},
      TENANT_CODE = #{tenantCode,jdbcType=VARCHAR},
      PARENT_ID = #{parentId,jdbcType=VARCHAR},
      DEPT_CODE = #{deptCode,jdbcType=VARCHAR},
      DEPT_NAME = #{deptName,jdbcType=VARCHAR},
      ANCESTORS = #{ancestors,jdbcType=VARCHAR},
      ANCESTORS_CODES = #{ancestorsCodes,jdbcType=VARCHAR},
      ORDER_NUM = #{orderNum,jdbcType=DECIMAL},
      LEADER = #{leader,jdbcType=VARCHAR},
      PHONE = #{phone,jdbcType=VARCHAR},
      EMAIL = #{email,jdbcType=VARCHAR},
      STATUS = #{status,jdbcType=DECIMAL},
      DEL_FLAG = #{delFlag,jdbcType=DECIMAL},
      CREATE_BY = #{createBy,jdbcType=VARCHAR},
      CREATE_TIME = #{createTime,jdbcType=TIMESTAMP},
      UPDATE_BY = #{updateBy,jdbcType=VARCHAR},
      UPDATE_TIME = #{updateTime,jdbcType=TIMESTAMP}
    where ID = #{id,jdbcType=VARCHAR}
  </update>
</mapper>