<?xml version="1.0" encoding="UTF-8" ?>
<!DOCTYPE mapper PUBLIC "-//mybatis.org//DTD Mapper 3.0//EN" "http://mybatis.org/dtd/mybatis-3-mapper.dtd" >
<mapper namespace="com.huateng.user.dal.dao.DictDataInfoMapper" >
  <resultMap id="BaseResultMap" type="com.huateng.user.dal.model.DictDataInfo" >
    <id column="ID" property="id" jdbcType="VARCHAR" />
    <result column="DICT_CODE" property="dictCode" jdbcType="VARCHAR" />
    <result column="DICT_SORT" property="dictSort" jdbcType="DECIMAL" />
    <result column="DICT_LABEL" property="dictLabel" jdbcType="VARCHAR" />
    <result column="DICT_VALUE" property="dictValue" jdbcType="VARCHAR" />
    <result column="DICT_TYPE" property="dictType" jdbcType="VARCHAR" />
    <result column="CSS_CLASS" property="cssClass" jdbcType="VARCHAR" />
    <result column="LIST_CLASS" property="listClass" jdbcType="VARCHAR" />
    <result column="IS_DEFAULT" property="isDefault" jdbcType="DECIMAL" />
    <result column="STATUS" property="status" jdbcType="DECIMAL" />
    <result column="CREATE_BY" property="createBy" jdbcType="VARCHAR" />
    <result column="CREATE_TIME" property="createTime" jdbcType="TIMESTAMP" />
    <result column="UPDATE_BY" property="updateBy" jdbcType="VARCHAR" />
    <result column="UPDATE_TIME" property="updateTime" jdbcType="TIMESTAMP" />
    <result column="REMARK" property="remark" jdbcType="VARCHAR" />
  </resultMap>
  <sql id="Example_Where_Clause" >
    <where >
      <foreach collection="oredCriteria" item="criteria" separator="or" >
        <if test="criteria.valid" >
          <trim prefix="(" suffix=")" prefixOverrides="and" >
            <foreach collection="criteria.criteria" item="criterion" >
              <choose >
                <when test="criterion.noValue" >
                  and ${criterion.condition}
                </when>
                <when test="criterion.singleValue" >
                  and ${criterion.condition} #{criterion.value}
                </when>
                <when test="criterion.betweenValue" >
                  and ${criterion.condition} #{criterion.value} and #{criterion.secondValue}
                </when>
                <when test="criterion.listValue" >
                  and ${criterion.condition}
                  <foreach collection="criterion.value" item="listItem" open="(" close=")" separator="," >
                    #{listItem}
                  </foreach>
                </when>
              </choose>
            </foreach>
          </trim>
        </if>
      </foreach>
    </where>
  </sql>
  <sql id="Update_By_Example_Where_Clause" >
    <where >
      <foreach collection="example.oredCriteria" item="criteria" separator="or" >
        <if test="criteria.valid" >
          <trim prefix="(" suffix=")" prefixOverrides="and" >
            <foreach collection="criteria.criteria" item="criterion" >
              <choose >
                <when test="criterion.noValue" >
                  and ${criterion.condition}
                </when>
                <when test="criterion.singleValue" >
                  and ${criterion.condition} #{criterion.value}
                </when>
                <when test="criterion.betweenValue" >
                  and ${criterion.condition} #{criterion.value} and #{criterion.secondValue}
                </when>
                <when test="criterion.listValue" >
                  and ${criterion.condition}
                  <foreach collection="criterion.value" item="listItem" open="(" close=")" separator="," >
                    #{listItem}
                  </foreach>
                </when>
              </choose>
            </foreach>
          </trim>
        </if>
      </foreach>
    </where>
  </sql>
  <sql id="Base_Column_List" >
    ID, DICT_CODE, DICT_SORT, DICT_LABEL, DICT_VALUE, DICT_TYPE, CSS_CLASS, LIST_CLASS, 
    IS_DEFAULT, STATUS, CREATE_BY, CREATE_TIME, UPDATE_BY, UPDATE_TIME, REMARK
  </sql>
  <select id="selectByExample" resultMap="BaseResultMap" parameterType="com.huateng.user.dal.model.DictDataInfoExample" >
    select
    <if test="distinct" >
      distinct
    </if>
    <include refid="Base_Column_List" />
    from SYS_DICT_DATA_INFO
    <if test="_parameter != null" >
      <include refid="Example_Where_Clause" />
    </if>
    <if test="orderByClause != null" >
      order by ${orderByClause}
    </if>
  </select>
  <select id="selectByPrimaryKey" resultMap="BaseResultMap" parameterType="java.lang.String" >
    select 
    <include refid="Base_Column_List" />
    from SYS_DICT_DATA_INFO
    where ID = #{id,jdbcType=VARCHAR}
  </select>
  <delete id="deleteByPrimaryKey" parameterType="java.lang.String" >
    delete from SYS_DICT_DATA_INFO
    where ID = #{id,jdbcType=VARCHAR}
  </delete>
  <delete id="deleteByExample" parameterType="com.huateng.user.dal.model.DictDataInfoExample" >
    delete from SYS_DICT_DATA_INFO
    <if test="_parameter != null" >
      <include refid="Example_Where_Clause" />
    </if>
  </delete>
  <insert id="insert" parameterType="com.huateng.user.dal.model.DictDataInfo" >
    <selectKey resultType="java.lang.String" keyProperty="id" order="BEFORE" >
      GENID('SYS_DICT_DATA_INFO')
    </selectKey>
    insert into SYS_DICT_DATA_INFO (ID, DICT_CODE, DICT_SORT, 
      DICT_LABEL, DICT_VALUE, DICT_TYPE, 
      CSS_CLASS, LIST_CLASS, IS_DEFAULT, 
      STATUS, CREATE_BY, CREATE_TIME, 
      UPDATE_BY, UPDATE_TIME, REMARK
      )
    values (#{id,jdbcType=VARCHAR}, #{dictCode,jdbcType=VARCHAR}, #{dictSort,jdbcType=DECIMAL}, 
      #{dictLabel,jdbcType=VARCHAR}, #{dictValue,jdbcType=VARCHAR}, #{dictType,jdbcType=VARCHAR}, 
      #{cssClass,jdbcType=VARCHAR}, #{listClass,jdbcType=VARCHAR}, #{isDefault,jdbcType=DECIMAL}, 
      #{status,jdbcType=DECIMAL}, #{createBy,jdbcType=VARCHAR}, #{createTime,jdbcType=TIMESTAMP}, 
      #{updateBy,jdbcType=VARCHAR}, #{updateTime,jdbcType=TIMESTAMP}, #{remark,jdbcType=VARCHAR}
      )
  </insert>
  <insert id="insertSelective" parameterType="com.huateng.user.dal.model.DictDataInfo" >
    <selectKey resultType="java.lang.String" keyProperty="id" order="BEFORE" >
      GENID('SYS_DICT_DATA_INFO')
    </selectKey>
    insert into SYS_DICT_DATA_INFO
    <trim prefix="(" suffix=")" suffixOverrides="," >
      ID,
      <if test="dictCode != null" >
        DICT_CODE,
      </if>
      <if test="dictSort != null" >
        DICT_SORT,
      </if>
      <if test="dictLabel != null" >
        DICT_LABEL,
      </if>
      <if test="dictValue != null" >
        DICT_VALUE,
      </if>
      <if test="dictType != null" >
        DICT_TYPE,
      </if>
      <if test="cssClass != null" >
        CSS_CLASS,
      </if>
      <if test="listClass != null" >
        LIST_CLASS,
      </if>
      <if test="isDefault != null" >
        IS_DEFAULT,
      </if>
      <if test="status != null" >
        STATUS,
      </if>
      <if test="createBy != null" >
        CREATE_BY,
      </if>
      <if test="createTime != null" >
        CREATE_TIME,
      </if>
      <if test="updateBy != null" >
        UPDATE_BY,
      </if>
      <if test="updateTime != null" >
        UPDATE_TIME,
      </if>
      <if test="remark != null" >
        REMARK,
      </if>
    </trim>
    <trim prefix="values (" suffix=")" suffixOverrides="," >
      #{id,jdbcType=VARCHAR},
      <if test="dictCode != null" >
        #{dictCode,jdbcType=VARCHAR},
      </if>
      <if test="dictSort != null" >
        #{dictSort,jdbcType=DECIMAL},
      </if>
      <if test="dictLabel != null" >
        #{dictLabel,jdbcType=VARCHAR},
      </if>
      <if test="dictValue != null" >
        #{dictValue,jdbcType=VARCHAR},
      </if>
      <if test="dictType != null" >
        #{dictType,jdbcType=VARCHAR},
      </if>
      <if test="cssClass != null" >
        #{cssClass,jdbcType=VARCHAR},
      </if>
      <if test="listClass != null" >
        #{listClass,jdbcType=VARCHAR},
      </if>
      <if test="isDefault != null" >
        #{isDefault,jdbcType=DECIMAL},
      </if>
      <if test="status != null" >
        #{status,jdbcType=DECIMAL},
      </if>
      <if test="createBy != null" >
        #{createBy,jdbcType=VARCHAR},
      </if>
      <if test="createTime != null" >
        #{createTime,jdbcType=TIMESTAMP},
      </if>
      <if test="updateBy != null" >
        #{updateBy,jdbcType=VARCHAR},
      </if>
      <if test="updateTime != null" >
        #{updateTime,jdbcType=TIMESTAMP},
      </if>
      <if test="remark != null" >
        #{remark,jdbcType=VARCHAR},
      </if>
    </trim>
  </insert>
  <select id="countByExample" parameterType="com.huateng.user.dal.model.DictDataInfoExample" resultType="java.lang.Integer" >
    select count(*) from SYS_DICT_DATA_INFO
    <if test="_parameter != null" >
      <include refid="Example_Where_Clause" />
    </if>
  </select>
  <update id="updateByExampleSelective" parameterType="map" >
    update SYS_DICT_DATA_INFO
    <set >
      <if test="record.id != null" >
        ID = #{record.id,jdbcType=VARCHAR},
      </if>
      <if test="record.dictCode != null" >
        DICT_CODE = #{record.dictCode,jdbcType=VARCHAR},
      </if>
      <if test="record.dictSort != null" >
        DICT_SORT = #{record.dictSort,jdbcType=DECIMAL},
      </if>
      <if test="record.dictLabel != null" >
        DICT_LABEL = #{record.dictLabel,jdbcType=VARCHAR},
      </if>
      <if test="record.dictValue != null" >
        DICT_VALUE = #{record.dictValue,jdbcType=VARCHAR},
      </if>
      <if test="record.dictType != null" >
        DICT_TYPE = #{record.dictType,jdbcType=VARCHAR},
      </if>
      <if test="record.cssClass != null" >
        CSS_CLASS = #{record.cssClass,jdbcType=VARCHAR},
      </if>
      <if test="record.listClass != null" >
        LIST_CLASS = #{record.listClass,jdbcType=VARCHAR},
      </if>
      <if test="record.isDefault != null" >
        IS_DEFAULT = #{record.isDefault,jdbcType=DECIMAL},
      </if>
      <if test="record.status != null" >
        STATUS = #{record.status,jdbcType=DECIMAL},
      </if>
      <if test="record.createBy != null" >
        CREATE_BY = #{record.createBy,jdbcType=VARCHAR},
      </if>
      <if test="record.createTime != null" >
        CREATE_TIME = #{record.createTime,jdbcType=TIMESTAMP},
      </if>
      <if test="record.updateBy != null" >
        UPDATE_BY = #{record.updateBy,jdbcType=VARCHAR},
      </if>
      <if test="record.updateTime != null" >
        UPDATE_TIME = #{record.updateTime,jdbcType=TIMESTAMP},
      </if>
      <if test="record.remark != null" >
        REMARK = #{record.remark,jdbcType=VARCHAR},
      </if>
    </set>
    <if test="_parameter != null" >
      <include refid="Update_By_Example_Where_Clause" />
    </if>
  </update>
  <update id="updateByExample" parameterType="map" >
    update SYS_DICT_DATA_INFO
    set ID = #{record.id,jdbcType=VARCHAR},
      DICT_CODE = #{record.dictCode,jdbcType=VARCHAR},
      DICT_SORT = #{record.dictSort,jdbcType=DECIMAL},
      DICT_LABEL = #{record.dictLabel,jdbcType=VARCHAR},
      DICT_VALUE = #{record.dictValue,jdbcType=VARCHAR},
      DICT_TYPE = #{record.dictType,jdbcType=VARCHAR},
      CSS_CLASS = #{record.cssClass,jdbcType=VARCHAR},
      LIST_CLASS = #{record.listClass,jdbcType=VARCHAR},
      IS_DEFAULT = #{record.isDefault,jdbcType=DECIMAL},
      STATUS = #{record.status,jdbcType=DECIMAL},
      CREATE_BY = #{record.createBy,jdbcType=VARCHAR},
      CREATE_TIME = #{record.createTime,jdbcType=TIMESTAMP},
      UPDATE_BY = #{record.updateBy,jdbcType=VARCHAR},
      UPDATE_TIME = #{record.updateTime,jdbcType=TIMESTAMP},
      REMARK = #{record.remark,jdbcType=VARCHAR}
    <if test="_parameter != null" >
      <include refid="Update_By_Example_Where_Clause" />
    </if>
  </update>
  <update id="updateByPrimaryKeySelective" parameterType="com.huateng.user.dal.model.DictDataInfo" >
    update SYS_DICT_DATA_INFO
    <set >
      <if test="dictCode != null" >
        DICT_CODE = #{dictCode,jdbcType=VARCHAR},
      </if>
      <if test="dictSort != null" >
        DICT_SORT = #{dictSort,jdbcType=DECIMAL},
      </if>
      <if test="dictLabel != null" >
        DICT_LABEL = #{dictLabel,jdbcType=VARCHAR},
      </if>
      <if test="dictValue != null" >
        DICT_VALUE = #{dictValue,jdbcType=VARCHAR},
      </if>
      <if test="dictType != null" >
        DICT_TYPE = #{dictType,jdbcType=VARCHAR},
      </if>
      <if test="cssClass != null" >
        CSS_CLASS = #{cssClass,jdbcType=VARCHAR},
      </if>
      <if test="listClass != null" >
        LIST_CLASS = #{listClass,jdbcType=VARCHAR},
      </if>
      <if test="isDefault != null" >
        IS_DEFAULT = #{isDefault,jdbcType=DECIMAL},
      </if>
      <if test="status != null" >
        STATUS = #{status,jdbcType=DECIMAL},
      </if>
      <if test="createBy != null" >
        CREATE_BY = #{createBy,jdbcType=VARCHAR},
      </if>
      <if test="createTime != null" >
        CREATE_TIME = #{createTime,jdbcType=TIMESTAMP},
      </if>
      <if test="updateBy != null" >
        UPDATE_BY = #{updateBy,jdbcType=VARCHAR},
      </if>
      <if test="updateTime != null" >
        UPDATE_TIME = #{updateTime,jdbcType=TIMESTAMP},
      </if>
      <if test="remark != null" >
        REMARK = #{remark,jdbcType=VARCHAR},
      </if>
    </set>
    where ID = #{id,jdbcType=VARCHAR}
  </update>
  <update id="updateByPrimaryKey" parameterType="com.huateng.user.dal.model.DictDataInfo" >
    update SYS_DICT_DATA_INFO
    set DICT_CODE = #{dictCode,jdbcType=VARCHAR},
      DICT_SORT = #{dictSort,jdbcType=DECIMAL},
      DICT_LABEL = #{dictLabel,jdbcType=VARCHAR},
      DICT_VALUE = #{dictValue,jdbcType=VARCHAR},
      DICT_TYPE = #{dictType,jdbcType=VARCHAR},
      CSS_CLASS = #{cssClass,jdbcType=VARCHAR},
      LIST_CLASS = #{listClass,jdbcType=VARCHAR},
      IS_DEFAULT = #{isDefault,jdbcType=DECIMAL},
      STATUS = #{status,jdbcType=DECIMAL},
      CREATE_BY = #{createBy,jdbcType=VARCHAR},
      CREATE_TIME = #{createTime,jdbcType=TIMESTAMP},
      UPDATE_BY = #{updateBy,jdbcType=VARCHAR},
      UPDATE_TIME = #{updateTime,jdbcType=TIMESTAMP},
      REMARK = #{remark,jdbcType=VARCHAR}
    where ID = #{id,jdbcType=VARCHAR}
  </update>
</mapper>