<?xml version="1.0" encoding="UTF-8" ?>
<!DOCTYPE mapper PUBLIC "-//mybatis.org//DTD Mapper 3.0//EN" "http://mybatis.org/dtd/mybatis-3-mapper.dtd" >
<mapper namespace="com.huateng.user.dal.dao.LoginInfoMapper" >
  <resultMap id="BaseResultMap" type="com.huateng.user.dal.model.LoginInfo" >
    <id column="ID" property="id" jdbcType="VARCHAR" />
    <result column="TENANT_ID" property="tenantId" jdbcType="VARCHAR" />
    <result column="LOGIN_NAME" property="loginName" jdbcType="VARCHAR" />
    <result column="IPADDR" property="ipaddr" jdbcType="VARCHAR" />
    <result column="LOGIN_LOCATION" property="loginLocation" jdbcType="VARCHAR" />
    <result column="BROWSER" property="browser" jdbcType="VARCHAR" />
    <result column="OS" property="os" jdbcType="VARCHAR" />
    <result column="STATUS" property="status" jdbcType="DECIMAL" />
    <result column="MSG" property="msg" jdbcType="VARCHAR" />
    <result column="LOGIN_TIME" property="loginTime" jdbcType="TIMESTAMP" />
  </resultMap>
  <sql id="Example_Where_Clause" >
    <where >
      <foreach collection="oredCriteria" item="criteria" separator="or" >
        <if test="criteria.valid" >
          <trim prefix="(" suffix=")" prefixOverrides="and" >
            <foreach collection="criteria.criteria" item="criterion" >
              <choose >
                <when test="criterion.noValue" >
                  and ${criterion.condition}
                </when>
                <when test="criterion.singleValue" >
                  and ${criterion.condition} #{criterion.value}
                </when>
                <when test="criterion.betweenValue" >
                  and ${criterion.condition} #{criterion.value} and #{criterion.secondValue}
                </when>
                <when test="criterion.listValue" >
                  and ${criterion.condition}
                  <foreach collection="criterion.value" item="listItem" open="(" close=")" separator="," >
                    #{listItem}
                  </foreach>
                </when>
              </choose>
            </foreach>
          </trim>
        </if>
      </foreach>
    </where>
  </sql>
  <sql id="Update_By_Example_Where_Clause" >
    <where >
      <foreach collection="example.oredCriteria" item="criteria" separator="or" >
        <if test="criteria.valid" >
          <trim prefix="(" suffix=")" prefixOverrides="and" >
            <foreach collection="criteria.criteria" item="criterion" >
              <choose >
                <when test="criterion.noValue" >
                  and ${criterion.condition}
                </when>
                <when test="criterion.singleValue" >
                  and ${criterion.condition} #{criterion.value}
                </when>
                <when test="criterion.betweenValue" >
                  and ${criterion.condition} #{criterion.value} and #{criterion.secondValue}
                </when>
                <when test="criterion.listValue" >
                  and ${criterion.condition}
                  <foreach collection="criterion.value" item="listItem" open="(" close=")" separator="," >
                    #{listItem}
                  </foreach>
                </when>
              </choose>
            </foreach>
          </trim>
        </if>
      </foreach>
    </where>
  </sql>
  <sql id="Base_Column_List" >
    ID, TENANT_ID, LOGIN_NAME, IPADDR, LOGIN_LOCATION, BROWSER, OS, STATUS, MSG, LOGIN_TIME
  </sql>
  <select id="selectByExample" resultMap="BaseResultMap" parameterType="com.huateng.user.dal.model.LoginInfoExample" >
    select
    <if test="distinct" >
      distinct
    </if>
    <include refid="Base_Column_List" />
    from SYS_LOGIN_INFO
    <if test="_parameter != null" >
      <include refid="Example_Where_Clause" />
    </if>
    <if test="orderByClause != null" >
      order by ${orderByClause}
    </if>
  </select>
  <select id="selectByPrimaryKey" resultMap="BaseResultMap" parameterType="java.lang.String" >
    select 
    <include refid="Base_Column_List" />
    from SYS_LOGIN_INFO
    where ID = #{id,jdbcType=VARCHAR}
  </select>
  <delete id="deleteByPrimaryKey" parameterType="java.lang.String" >
    delete from SYS_LOGIN_INFO
    where ID = #{id,jdbcType=VARCHAR}
  </delete>
  <delete id="deleteByExample" parameterType="com.huateng.user.dal.model.LoginInfoExample" >
    delete from SYS_LOGIN_INFO
    <if test="_parameter != null" >
      <include refid="Example_Where_Clause" />
    </if>
  </delete>
  <insert id="insert" parameterType="com.huateng.user.dal.model.LoginInfo" >
    <selectKey resultType="java.lang.String" keyProperty="id" order="BEFORE" >
      GENID('SYS_LOGIN_INFO')
    </selectKey>
    insert into SYS_LOGIN_INFO (ID, TENANT_ID, LOGIN_NAME, 
      IPADDR, LOGIN_LOCATION, BROWSER, 
      OS, STATUS, MSG, LOGIN_TIME
      )
    values (#{id,jdbcType=VARCHAR}, #{tenantId,jdbcType=VARCHAR}, #{loginName,jdbcType=VARCHAR}, 
      #{ipaddr,jdbcType=VARCHAR}, #{loginLocation,jdbcType=VARCHAR}, #{browser,jdbcType=VARCHAR}, 
      #{os,jdbcType=VARCHAR}, #{status,jdbcType=DECIMAL}, #{msg,jdbcType=VARCHAR}, #{loginTime,jdbcType=TIMESTAMP}
      )
  </insert>
  <insert id="insertSelective" parameterType="com.huateng.user.dal.model.LoginInfo" >
    <selectKey resultType="java.lang.String" keyProperty="id" order="BEFORE" >
      GENID('SYS_LOGIN_INFO')
    </selectKey>
    insert into SYS_LOGIN_INFO
    <trim prefix="(" suffix=")" suffixOverrides="," >
      ID,
      <if test="tenantId != null" >
        TENANT_ID,
      </if>
      <if test="loginName != null" >
        LOGIN_NAME,
      </if>
      <if test="ipaddr != null" >
        IPADDR,
      </if>
      <if test="loginLocation != null" >
        LOGIN_LOCATION,
      </if>
      <if test="browser != null" >
        BROWSER,
      </if>
      <if test="os != null" >
        OS,
      </if>
      <if test="status != null" >
        STATUS,
      </if>
      <if test="msg != null" >
        MSG,
      </if>
      <if test="loginTime != null" >
        LOGIN_TIME,
      </if>
    </trim>
    <trim prefix="values (" suffix=")" suffixOverrides="," >
      #{id,jdbcType=VARCHAR},
      <if test="tenantId != null" >
        #{tenantId,jdbcType=VARCHAR},
      </if>
      <if test="loginName != null" >
        #{loginName,jdbcType=VARCHAR},
      </if>
      <if test="ipaddr != null" >
        #{ipaddr,jdbcType=VARCHAR},
      </if>
      <if test="loginLocation != null" >
        #{loginLocation,jdbcType=VARCHAR},
      </if>
      <if test="browser != null" >
        #{browser,jdbcType=VARCHAR},
      </if>
      <if test="os != null" >
        #{os,jdbcType=VARCHAR},
      </if>
      <if test="status != null" >
        #{status,jdbcType=DECIMAL},
      </if>
      <if test="msg != null" >
        #{msg,jdbcType=VARCHAR},
      </if>
      <if test="loginTime != null" >
        #{loginTime,jdbcType=TIMESTAMP},
      </if>
    </trim>
  </insert>
  <select id="countByExample" parameterType="com.huateng.user.dal.model.LoginInfoExample" resultType="java.lang.Integer" >
    select count(*) from SYS_LOGIN_INFO
    <if test="_parameter != null" >
      <include refid="Example_Where_Clause" />
    </if>
  </select>
  <update id="updateByExampleSelective" parameterType="map" >
    update SYS_LOGIN_INFO
    <set >
      <if test="record.id != null" >
        ID = #{record.id,jdbcType=VARCHAR},
      </if>
      <if test="record.tenantId != null" >
        TENANT_ID = #{record.tenantId,jdbcType=VARCHAR},
      </if>
      <if test="record.loginName != null" >
        LOGIN_NAME = #{record.loginName,jdbcType=VARCHAR},
      </if>
      <if test="record.ipaddr != null" >
        IPADDR = #{record.ipaddr,jdbcType=VARCHAR},
      </if>
      <if test="record.loginLocation != null" >
        LOGIN_LOCATION = #{record.loginLocation,jdbcType=VARCHAR},
      </if>
      <if test="record.browser != null" >
        BROWSER = #{record.browser,jdbcType=VARCHAR},
      </if>
      <if test="record.os != null" >
        OS = #{record.os,jdbcType=VARCHAR},
      </if>
      <if test="record.status != null" >
        STATUS = #{record.status,jdbcType=DECIMAL},
      </if>
      <if test="record.msg != null" >
        MSG = #{record.msg,jdbcType=VARCHAR},
      </if>
      <if test="record.loginTime != null" >
        LOGIN_TIME = #{record.loginTime,jdbcType=TIMESTAMP},
      </if>
    </set>
    <if test="_parameter != null" >
      <include refid="Update_By_Example_Where_Clause" />
    </if>
  </update>
  <update id="updateByExample" parameterType="map" >
    update SYS_LOGIN_INFO
    set ID = #{record.id,jdbcType=VARCHAR},
      TENANT_ID = #{record.tenantId,jdbcType=VARCHAR},
      LOGIN_NAME = #{record.loginName,jdbcType=VARCHAR},
      IPADDR = #{record.ipaddr,jdbcType=VARCHAR},
      LOGIN_LOCATION = #{record.loginLocation,jdbcType=VARCHAR},
      BROWSER = #{record.browser,jdbcType=VARCHAR},
      OS = #{record.os,jdbcType=VARCHAR},
      STATUS = #{record.status,jdbcType=DECIMAL},
      MSG = #{record.msg,jdbcType=VARCHAR},
      LOGIN_TIME = #{record.loginTime,jdbcType=TIMESTAMP}
    <if test="_parameter != null" >
      <include refid="Update_By_Example_Where_Clause" />
    </if>
  </update>
  <update id="updateByPrimaryKeySelective" parameterType="com.huateng.user.dal.model.LoginInfo" >
    update SYS_LOGIN_INFO
    <set >
      <if test="tenantId != null" >
        TENANT_ID = #{tenantId,jdbcType=VARCHAR},
      </if>
      <if test="loginName != null" >
        LOGIN_NAME = #{loginName,jdbcType=VARCHAR},
      </if>
      <if test="ipaddr != null" >
        IPADDR = #{ipaddr,jdbcType=VARCHAR},
      </if>
      <if test="loginLocation != null" >
        LOGIN_LOCATION = #{loginLocation,jdbcType=VARCHAR},
      </if>
      <if test="browser != null" >
        BROWSER = #{browser,jdbcType=VARCHAR},
      </if>
      <if test="os != null" >
        OS = #{os,jdbcType=VARCHAR},
      </if>
      <if test="status != null" >
        STATUS = #{status,jdbcType=DECIMAL},
      </if>
      <if test="msg != null" >
        MSG = #{msg,jdbcType=VARCHAR},
      </if>
      <if test="loginTime != null" >
        LOGIN_TIME = #{loginTime,jdbcType=TIMESTAMP},
      </if>
    </set>
    where ID = #{id,jdbcType=VARCHAR}
  </update>
  <update id="updateByPrimaryKey" parameterType="com.huateng.user.dal.model.LoginInfo" >
    update SYS_LOGIN_INFO
    set TENANT_ID = #{tenantId,jdbcType=VARCHAR},
      LOGIN_NAME = #{loginName,jdbcType=VARCHAR},
      IPADDR = #{ipaddr,jdbcType=VARCHAR},
      LOGIN_LOCATION = #{loginLocation,jdbcType=VARCHAR},
      BROWSER = #{browser,jdbcType=VARCHAR},
      OS = #{os,jdbcType=VARCHAR},
      STATUS = #{status,jdbcType=DECIMAL},
      MSG = #{msg,jdbcType=VARCHAR},
      LOGIN_TIME = #{loginTime,jdbcType=TIMESTAMP}
    where ID = #{id,jdbcType=VARCHAR}
  </update>
</mapper>