<?xml version="1.0" encoding="UTF-8" ?>
<!DOCTYPE mapper PUBLIC "-//mybatis.org//DTD Mapper 3.0//EN" "http://mybatis.org/dtd/mybatis-3-mapper.dtd" >
<mapper namespace="com.huateng.user.dal.dao.MenuInfoMapper" >
  <resultMap id="BaseResultMap" type="com.huateng.user.dal.model.MenuInfo" >
    <id column="ID" property="id" jdbcType="VARCHAR" />
    <result column="MENU_NAME" property="menuName" jdbcType="VARCHAR" />
    <result column="PARENT_ID" property="parentId" jdbcType="VARCHAR" />
    <result column="ORDER_NUM" property="orderNum" jdbcType="DECIMAL" />
    <result column="URL" property="url" jdbcType="VARCHAR" />
    <result column="MENU_TYPE" property="menuType" jdbcType="DECIMAL" />
    <result column="VISIBLE" property="visible" jdbcType="DECIMAL" />
    <result column="PERMS" property="perms" jdbcType="VARCHAR" />
    <result column="ICON" property="icon" jdbcType="VARCHAR" />
    <result column="CREATE_BY" property="createBy" jdbcType="VARCHAR" />
    <result column="CREATE_TIME" property="createTime" jdbcType="TIMESTAMP" />
    <result column="UPDATE_BY" property="updateBy" jdbcType="VARCHAR" />
    <result column="UPDATE_TIME" property="updateTime" jdbcType="TIMESTAMP" />
    <result column="REMARK" property="remark" jdbcType="VARCHAR" />
  </resultMap>
  <sql id="Example_Where_Clause" >
    <where >
      <foreach collection="oredCriteria" item="criteria" separator="or" >
        <if test="criteria.valid" >
          <trim prefix="(" suffix=")" prefixOverrides="and" >
            <foreach collection="criteria.criteria" item="criterion" >
              <choose >
                <when test="criterion.noValue" >
                  and ${criterion.condition}
                </when>
                <when test="criterion.singleValue" >
                  and ${criterion.condition} #{criterion.value}
                </when>
                <when test="criterion.betweenValue" >
                  and ${criterion.condition} #{criterion.value} and #{criterion.secondValue}
                </when>
                <when test="criterion.listValue" >
                  and ${criterion.condition}
                  <foreach collection="criterion.value" item="listItem" open="(" close=")" separator="," >
                    #{listItem}
                  </foreach>
                </when>
              </choose>
            </foreach>
          </trim>
        </if>
      </foreach>
    </where>
  </sql>
  <sql id="Update_By_Example_Where_Clause" >
    <where >
      <foreach collection="example.oredCriteria" item="criteria" separator="or" >
        <if test="criteria.valid" >
          <trim prefix="(" suffix=")" prefixOverrides="and" >
            <foreach collection="criteria.criteria" item="criterion" >
              <choose >
                <when test="criterion.noValue" >
                  and ${criterion.condition}
                </when>
                <when test="criterion.singleValue" >
                  and ${criterion.condition} #{criterion.value}
                </when>
                <when test="criterion.betweenValue" >
                  and ${criterion.condition} #{criterion.value} and #{criterion.secondValue}
                </when>
                <when test="criterion.listValue" >
                  and ${criterion.condition}
                  <foreach collection="criterion.value" item="listItem" open="(" close=")" separator="," >
                    #{listItem}
                  </foreach>
                </when>
              </choose>
            </foreach>
          </trim>
        </if>
      </foreach>
    </where>
  </sql>
  <sql id="Base_Column_List" >
    ID, MENU_NAME, PARENT_ID, ORDER_NUM, URL, MENU_TYPE, VISIBLE, PERMS, ICON, CREATE_BY, 
    CREATE_TIME, UPDATE_BY, UPDATE_TIME, REMARK
  </sql>
  <select id="selectByExample" resultMap="BaseResultMap" parameterType="com.huateng.user.dal.model.MenuInfoExample" >
    select
    <if test="distinct" >
      distinct
    </if>
    <include refid="Base_Column_List" />
    from SYS_MENU_INFO
    <if test="_parameter != null" >
      <include refid="Example_Where_Clause" />
    </if>
    <if test="orderByClause != null" >
      order by ${orderByClause}
    </if>
  </select>
  <select id="selectByPrimaryKey" resultMap="BaseResultMap" parameterType="java.lang.String" >
    select 
    <include refid="Base_Column_List" />
    from SYS_MENU_INFO
    where ID = #{id,jdbcType=VARCHAR}
  </select>
  <delete id="deleteByPrimaryKey" parameterType="java.lang.String" >
    delete from SYS_MENU_INFO
    where ID = #{id,jdbcType=VARCHAR}
  </delete>
  <delete id="deleteByExample" parameterType="com.huateng.user.dal.model.MenuInfoExample" >
    delete from SYS_MENU_INFO
    <if test="_parameter != null" >
      <include refid="Example_Where_Clause" />
    </if>
  </delete>
  <insert id="insert" parameterType="com.huateng.user.dal.model.MenuInfo" >
    <selectKey resultType="java.lang.String" keyProperty="id" order="BEFORE" >
      GENID('SYS_MENU_INFO')
    </selectKey>
    insert into SYS_MENU_INFO (ID, MENU_NAME, PARENT_ID, 
      ORDER_NUM, URL, MENU_TYPE, 
      VISIBLE, PERMS, ICON, 
      CREATE_BY, CREATE_TIME, UPDATE_BY, 
      UPDATE_TIME, REMARK)
    values (#{id,jdbcType=VARCHAR}, #{menuName,jdbcType=VARCHAR}, #{parentId,jdbcType=VARCHAR}, 
      #{orderNum,jdbcType=DECIMAL}, #{url,jdbcType=VARCHAR}, #{menuType,jdbcType=DECIMAL}, 
      #{visible,jdbcType=DECIMAL}, #{perms,jdbcType=VARCHAR}, #{icon,jdbcType=VARCHAR}, 
      #{createBy,jdbcType=VARCHAR}, #{createTime,jdbcType=TIMESTAMP}, #{updateBy,jdbcType=VARCHAR}, 
      #{updateTime,jdbcType=TIMESTAMP}, #{remark,jdbcType=VARCHAR})
  </insert>
  <insert id="insertSelective" parameterType="com.huateng.user.dal.model.MenuInfo" >
    <selectKey resultType="java.lang.String" keyProperty="id" order="BEFORE" >
      GENID('SYS_MENU_INFO')
    </selectKey>
    insert into SYS_MENU_INFO
    <trim prefix="(" suffix=")" suffixOverrides="," >
      ID,
      <if test="menuName != null" >
        MENU_NAME,
      </if>
      <if test="parentId != null" >
        PARENT_ID,
      </if>
      <if test="orderNum != null" >
        ORDER_NUM,
      </if>
      <if test="url != null" >
        URL,
      </if>
      <if test="menuType != null" >
        MENU_TYPE,
      </if>
      <if test="visible != null" >
        VISIBLE,
      </if>
      <if test="perms != null" >
        PERMS,
      </if>
      <if test="icon != null" >
        ICON,
      </if>
      <if test="createBy != null" >
        CREATE_BY,
      </if>
      <if test="createTime != null" >
        CREATE_TIME,
      </if>
      <if test="updateBy != null" >
        UPDATE_BY,
      </if>
      <if test="updateTime != null" >
        UPDATE_TIME,
      </if>
      <if test="remark != null" >
        REMARK,
      </if>
    </trim>
    <trim prefix="values (" suffix=")" suffixOverrides="," >
      #{id,jdbcType=VARCHAR},
      <if test="menuName != null" >
        #{menuName,jdbcType=VARCHAR},
      </if>
      <if test="parentId != null" >
        #{parentId,jdbcType=VARCHAR},
      </if>
      <if test="orderNum != null" >
        #{orderNum,jdbcType=DECIMAL},
      </if>
      <if test="url != null" >
        #{url,jdbcType=VARCHAR},
      </if>
      <if test="menuType != null" >
        #{menuType,jdbcType=DECIMAL},
      </if>
      <if test="visible != null" >
        #{visible,jdbcType=DECIMAL},
      </if>
      <if test="perms != null" >
        #{perms,jdbcType=VARCHAR},
      </if>
      <if test="icon != null" >
        #{icon,jdbcType=VARCHAR},
      </if>
      <if test="createBy != null" >
        #{createBy,jdbcType=VARCHAR},
      </if>
      <if test="createTime != null" >
        #{createTime,jdbcType=TIMESTAMP},
      </if>
      <if test="updateBy != null" >
        #{updateBy,jdbcType=VARCHAR},
      </if>
      <if test="updateTime != null" >
        #{updateTime,jdbcType=TIMESTAMP},
      </if>
      <if test="remark != null" >
        #{remark,jdbcType=VARCHAR},
      </if>
    </trim>
  </insert>
  <select id="countByExample" parameterType="com.huateng.user.dal.model.MenuInfoExample" resultType="java.lang.Integer" >
    select count(*) from SYS_MENU_INFO
    <if test="_parameter != null" >
      <include refid="Example_Where_Clause" />
    </if>
  </select>
  <update id="updateByExampleSelective" parameterType="map" >
    update SYS_MENU_INFO
    <set >
      <if test="record.id != null" >
        ID = #{record.id,jdbcType=VARCHAR},
      </if>
      <if test="record.menuName != null" >
        MENU_NAME = #{record.menuName,jdbcType=VARCHAR},
      </if>
      <if test="record.parentId != null" >
        PARENT_ID = #{record.parentId,jdbcType=VARCHAR},
      </if>
      <if test="record.orderNum != null" >
        ORDER_NUM = #{record.orderNum,jdbcType=DECIMAL},
      </if>
      <if test="record.url != null" >
        URL = #{record.url,jdbcType=VARCHAR},
      </if>
      <if test="record.menuType != null" >
        MENU_TYPE = #{record.menuType,jdbcType=DECIMAL},
      </if>
      <if test="record.visible != null" >
        VISIBLE = #{record.visible,jdbcType=DECIMAL},
      </if>
      <if test="record.perms != null" >
        PERMS = #{record.perms,jdbcType=VARCHAR},
      </if>
      <if test="record.icon != null" >
        ICON = #{record.icon,jdbcType=VARCHAR},
      </if>
      <if test="record.createBy != null" >
        CREATE_BY = #{record.createBy,jdbcType=VARCHAR},
      </if>
      <if test="record.createTime != null" >
        CREATE_TIME = #{record.createTime,jdbcType=TIMESTAMP},
      </if>
      <if test="record.updateBy != null" >
        UPDATE_BY = #{record.updateBy,jdbcType=VARCHAR},
      </if>
      <if test="record.updateTime != null" >
        UPDATE_TIME = #{record.updateTime,jdbcType=TIMESTAMP},
      </if>
      <if test="record.remark != null" >
        REMARK = #{record.remark,jdbcType=VARCHAR},
      </if>
    </set>
    <if test="_parameter != null" >
      <include refid="Update_By_Example_Where_Clause" />
    </if>
  </update>
  <update id="updateByExample" parameterType="map" >
    update SYS_MENU_INFO
    set ID = #{record.id,jdbcType=VARCHAR},
      MENU_NAME = #{record.menuName,jdbcType=VARCHAR},
      PARENT_ID = #{record.parentId,jdbcType=VARCHAR},
      ORDER_NUM = #{record.orderNum,jdbcType=DECIMAL},
      URL = #{record.url,jdbcType=VARCHAR},
      MENU_TYPE = #{record.menuType,jdbcType=DECIMAL},
      VISIBLE = #{record.visible,jdbcType=DECIMAL},
      PERMS = #{record.perms,jdbcType=VARCHAR},
      ICON = #{record.icon,jdbcType=VARCHAR},
      CREATE_BY = #{record.createBy,jdbcType=VARCHAR},
      CREATE_TIME = #{record.createTime,jdbcType=TIMESTAMP},
      UPDATE_BY = #{record.updateBy,jdbcType=VARCHAR},
      UPDATE_TIME = #{record.updateTime,jdbcType=TIMESTAMP},
      REMARK = #{record.remark,jdbcType=VARCHAR}
    <if test="_parameter != null" >
      <include refid="Update_By_Example_Where_Clause" />
    </if>
  </update>
  <update id="updateByPrimaryKeySelective" parameterType="com.huateng.user.dal.model.MenuInfo" >
    update SYS_MENU_INFO
    <set >
      <if test="menuName != null" >
        MENU_NAME = #{menuName,jdbcType=VARCHAR},
      </if>
      <if test="parentId != null" >
        PARENT_ID = #{parentId,jdbcType=VARCHAR},
      </if>
      <if test="orderNum != null" >
        ORDER_NUM = #{orderNum,jdbcType=DECIMAL},
      </if>
      <if test="url != null" >
        URL = #{url,jdbcType=VARCHAR},
      </if>
      <if test="menuType != null" >
        MENU_TYPE = #{menuType,jdbcType=DECIMAL},
      </if>
      <if test="visible != null" >
        VISIBLE = #{visible,jdbcType=DECIMAL},
      </if>
      <if test="perms != null" >
        PERMS = #{perms,jdbcType=VARCHAR},
      </if>
      <if test="icon != null" >
        ICON = #{icon,jdbcType=VARCHAR},
      </if>
      <if test="createBy != null" >
        CREATE_BY = #{createBy,jdbcType=VARCHAR},
      </if>
      <if test="createTime != null" >
        CREATE_TIME = #{createTime,jdbcType=TIMESTAMP},
      </if>
      <if test="updateBy != null" >
        UPDATE_BY = #{updateBy,jdbcType=VARCHAR},
      </if>
      <if test="updateTime != null" >
        UPDATE_TIME = #{updateTime,jdbcType=TIMESTAMP},
      </if>
      <if test="remark != null" >
        REMARK = #{remark,jdbcType=VARCHAR},
      </if>
    </set>
    where ID = #{id,jdbcType=VARCHAR}
  </update>
  <update id="updateByPrimaryKey" parameterType="com.huateng.user.dal.model.MenuInfo" >
    update SYS_MENU_INFO
    set MENU_NAME = #{menuName,jdbcType=VARCHAR},
      PARENT_ID = #{parentId,jdbcType=VARCHAR},
      ORDER_NUM = #{orderNum,jdbcType=DECIMAL},
      URL = #{url,jdbcType=VARCHAR},
      MENU_TYPE = #{menuType,jdbcType=DECIMAL},
      VISIBLE = #{visible,jdbcType=DECIMAL},
      PERMS = #{perms,jdbcType=VARCHAR},
      ICON = #{icon,jdbcType=VARCHAR},
      CREATE_BY = #{createBy,jdbcType=VARCHAR},
      CREATE_TIME = #{createTime,jdbcType=TIMESTAMP},
      UPDATE_BY = #{updateBy,jdbcType=VARCHAR},
      UPDATE_TIME = #{updateTime,jdbcType=TIMESTAMP},
      REMARK = #{remark,jdbcType=VARCHAR}
    where ID = #{id,jdbcType=VARCHAR}
  </update>
</mapper>