<?xml version="1.0" encoding="UTF-8" ?>
<!DOCTYPE mapper PUBLIC "-//mybatis.org//DTD Mapper 3.0//EN" "http://mybatis.org/dtd/mybatis-3-mapper.dtd" >
<mapper namespace="com.huateng.user.dal.dao.OperLogInfoMapper" >
  <resultMap id="BaseResultMap" type="com.huateng.user.dal.model.OperLogInfo" >
    <id column="ID" property="id" jdbcType="VARCHAR" />
    <result column="TITLE" property="title" jdbcType="VARCHAR" />
    <result column="BUSINESS_TYPE" property="businessType" jdbcType="DECIMAL" />
    <result column="OPER_METHOD" property="operMethod" jdbcType="VARCHAR" />
    <result column="OPER_REMARK" property="operRemark" jdbcType="VARCHAR" />
    <result column="OPERATOR_TYPE" property="operatorType" jdbcType="DECIMAL" />
    <result column="OPER_NAME" property="operName" jdbcType="VARCHAR" />
    <result column="DEPT_ID" property="deptId" jdbcType="VARCHAR" />
    <result column="DEPT_NAME" property="deptName" jdbcType="VARCHAR" />
    <result column="OPER_URL" property="operUrl" jdbcType="VARCHAR" />
    <result column="OPER_IP" property="operIp" jdbcType="VARCHAR" />
    <result column="OPER_PARAM" property="operParam" jdbcType="VARCHAR" />
    <result column="STATUS" property="status" jdbcType="DECIMAL" />
    <result column="ERROR_MSG" property="errorMsg" jdbcType="VARCHAR" />
    <result column="OPER_TIME" property="operTime" jdbcType="TIMESTAMP" />
  </resultMap>
  <sql id="Example_Where_Clause" >
    <where >
      <foreach collection="oredCriteria" item="criteria" separator="or" >
        <if test="criteria.valid" >
          <trim prefix="(" suffix=")" prefixOverrides="and" >
            <foreach collection="criteria.criteria" item="criterion" >
              <choose >
                <when test="criterion.noValue" >
                  and ${criterion.condition}
                </when>
                <when test="criterion.singleValue" >
                  and ${criterion.condition} #{criterion.value}
                </when>
                <when test="criterion.betweenValue" >
                  and ${criterion.condition} #{criterion.value} and #{criterion.secondValue}
                </when>
                <when test="criterion.listValue" >
                  and ${criterion.condition}
                  <foreach collection="criterion.value" item="listItem" open="(" close=")" separator="," >
                    #{listItem}
                  </foreach>
                </when>
              </choose>
            </foreach>
          </trim>
        </if>
      </foreach>
    </where>
  </sql>
  <sql id="Update_By_Example_Where_Clause" >
    <where >
      <foreach collection="example.oredCriteria" item="criteria" separator="or" >
        <if test="criteria.valid" >
          <trim prefix="(" suffix=")" prefixOverrides="and" >
            <foreach collection="criteria.criteria" item="criterion" >
              <choose >
                <when test="criterion.noValue" >
                  and ${criterion.condition}
                </when>
                <when test="criterion.singleValue" >
                  and ${criterion.condition} #{criterion.value}
                </when>
                <when test="criterion.betweenValue" >
                  and ${criterion.condition} #{criterion.value} and #{criterion.secondValue}
                </when>
                <when test="criterion.listValue" >
                  and ${criterion.condition}
                  <foreach collection="criterion.value" item="listItem" open="(" close=")" separator="," >
                    #{listItem}
                  </foreach>
                </when>
              </choose>
            </foreach>
          </trim>
        </if>
      </foreach>
    </where>
  </sql>
  <sql id="Base_Column_List" >
    ID, TITLE, BUSINESS_TYPE, OPER_METHOD, OPER_REMARK, OPERATOR_TYPE, OPER_NAME, DEPT_ID, 
    DEPT_NAME, OPER_URL, OPER_IP, OPER_PARAM, STATUS, ERROR_MSG, OPER_TIME
  </sql>
  <select id="selectByExample" resultMap="BaseResultMap" parameterType="com.huateng.user.dal.model.OperLogInfoExample" >
    select
    <if test="distinct" >
      distinct
    </if>
    <include refid="Base_Column_List" />
    from SYS_OPER_LOG_INFO
    <if test="_parameter != null" >
      <include refid="Example_Where_Clause" />
    </if>
    <if test="orderByClause != null" >
      order by ${orderByClause}
    </if>
  </select>
  <select id="selectByPrimaryKey" resultMap="BaseResultMap" parameterType="java.lang.String" >
    select 
    <include refid="Base_Column_List" />
    from SYS_OPER_LOG_INFO
    where ID = #{id,jdbcType=VARCHAR}
  </select>
  <delete id="deleteByPrimaryKey" parameterType="java.lang.String" >
    delete from SYS_OPER_LOG_INFO
    where ID = #{id,jdbcType=VARCHAR}
  </delete>
  <delete id="deleteByExample" parameterType="com.huateng.user.dal.model.OperLogInfoExample" >
    delete from SYS_OPER_LOG_INFO
    <if test="_parameter != null" >
      <include refid="Example_Where_Clause" />
    </if>
  </delete>
  <insert id="insert" parameterType="com.huateng.user.dal.model.OperLogInfo" >
    <selectKey resultType="java.lang.String" keyProperty="id" order="BEFORE" >
      GENID('SYS_OPER_LOG_INFO')
    </selectKey>
    insert into SYS_OPER_LOG_INFO (ID, TITLE, BUSINESS_TYPE, 
      OPER_METHOD, OPER_REMARK, OPERATOR_TYPE, 
      OPER_NAME, DEPT_ID, DEPT_NAME, 
      OPER_URL, OPER_IP, OPER_PARAM, 
      STATUS, ERROR_MSG, OPER_TIME
      )
    values (#{id,jdbcType=VARCHAR}, #{title,jdbcType=VARCHAR}, #{businessType,jdbcType=DECIMAL}, 
      #{operMethod,jdbcType=VARCHAR}, #{operRemark,jdbcType=VARCHAR}, #{operatorType,jdbcType=DECIMAL}, 
      #{operName,jdbcType=VARCHAR}, #{deptId,jdbcType=VARCHAR}, #{deptName,jdbcType=VARCHAR}, 
      #{operUrl,jdbcType=VARCHAR}, #{operIp,jdbcType=VARCHAR}, #{operParam,jdbcType=VARCHAR}, 
      #{status,jdbcType=DECIMAL}, #{errorMsg,jdbcType=VARCHAR}, #{operTime,jdbcType=TIMESTAMP}
      )
  </insert>
  <insert id="insertSelective" parameterType="com.huateng.user.dal.model.OperLogInfo" >
    <selectKey resultType="java.lang.String" keyProperty="id" order="BEFORE" >
      GENID('SYS_OPER_LOG_INFO')
    </selectKey>
    insert into SYS_OPER_LOG_INFO
    <trim prefix="(" suffix=")" suffixOverrides="," >
      ID,
      <if test="title != null" >
        TITLE,
      </if>
      <if test="businessType != null" >
        BUSINESS_TYPE,
      </if>
      <if test="operMethod != null" >
        OPER_METHOD,
      </if>
      <if test="operRemark != null" >
        OPER_REMARK,
      </if>
      <if test="operatorType != null" >
        OPERATOR_TYPE,
      </if>
      <if test="operName != null" >
        OPER_NAME,
      </if>
      <if test="deptId != null" >
        DEPT_ID,
      </if>
      <if test="deptName != null" >
        DEPT_NAME,
      </if>
      <if test="operUrl != null" >
        OPER_URL,
      </if>
      <if test="operIp != null" >
        OPER_IP,
      </if>
      <if test="operParam != null" >
        OPER_PARAM,
      </if>
      <if test="status != null" >
        STATUS,
      </if>
      <if test="errorMsg != null" >
        ERROR_MSG,
      </if>
      <if test="operTime != null" >
        OPER_TIME,
      </if>
    </trim>
    <trim prefix="values (" suffix=")" suffixOverrides="," >
      #{id,jdbcType=VARCHAR},
      <if test="title != null" >
        #{title,jdbcType=VARCHAR},
      </if>
      <if test="businessType != null" >
        #{businessType,jdbcType=DECIMAL},
      </if>
      <if test="operMethod != null" >
        #{operMethod,jdbcType=VARCHAR},
      </if>
      <if test="operRemark != null" >
        #{operRemark,jdbcType=VARCHAR},
      </if>
      <if test="operatorType != null" >
        #{operatorType,jdbcType=DECIMAL},
      </if>
      <if test="operName != null" >
        #{operName,jdbcType=VARCHAR},
      </if>
      <if test="deptId != null" >
        #{deptId,jdbcType=VARCHAR},
      </if>
      <if test="deptName != null" >
        #{deptName,jdbcType=VARCHAR},
      </if>
      <if test="operUrl != null" >
        #{operUrl,jdbcType=VARCHAR},
      </if>
      <if test="operIp != null" >
        #{operIp,jdbcType=VARCHAR},
      </if>
      <if test="operParam != null" >
        #{operParam,jdbcType=VARCHAR},
      </if>
      <if test="status != null" >
        #{status,jdbcType=DECIMAL},
      </if>
      <if test="errorMsg != null" >
        #{errorMsg,jdbcType=VARCHAR},
      </if>
      <if test="operTime != null" >
        #{operTime,jdbcType=TIMESTAMP},
      </if>
    </trim>
  </insert>
  <select id="countByExample" parameterType="com.huateng.user.dal.model.OperLogInfoExample" resultType="java.lang.Integer" >
    select count(*) from SYS_OPER_LOG_INFO
    <if test="_parameter != null" >
      <include refid="Example_Where_Clause" />
    </if>
  </select>
  <update id="updateByExampleSelective" parameterType="map" >
    update SYS_OPER_LOG_INFO
    <set >
      <if test="record.id != null" >
        ID = #{record.id,jdbcType=VARCHAR},
      </if>
      <if test="record.title != null" >
        TITLE = #{record.title,jdbcType=VARCHAR},
      </if>
      <if test="record.businessType != null" >
        BUSINESS_TYPE = #{record.businessType,jdbcType=DECIMAL},
      </if>
      <if test="record.operMethod != null" >
        OPER_METHOD = #{record.operMethod,jdbcType=VARCHAR},
      </if>
      <if test="record.operRemark != null" >
        OPER_REMARK = #{record.operRemark,jdbcType=VARCHAR},
      </if>
      <if test="record.operatorType != null" >
        OPERATOR_TYPE = #{record.operatorType,jdbcType=DECIMAL},
      </if>
      <if test="record.operName != null" >
        OPER_NAME = #{record.operName,jdbcType=VARCHAR},
      </if>
      <if test="record.deptId != null" >
        DEPT_ID = #{record.deptId,jdbcType=VARCHAR},
      </if>
      <if test="record.deptName != null" >
        DEPT_NAME = #{record.deptName,jdbcType=VARCHAR},
      </if>
      <if test="record.operUrl != null" >
        OPER_URL = #{record.operUrl,jdbcType=VARCHAR},
      </if>
      <if test="record.operIp != null" >
        OPER_IP = #{record.operIp,jdbcType=VARCHAR},
      </if>
      <if test="record.operParam != null" >
        OPER_PARAM = #{record.operParam,jdbcType=VARCHAR},
      </if>
      <if test="record.status != null" >
        STATUS = #{record.status,jdbcType=DECIMAL},
      </if>
      <if test="record.errorMsg != null" >
        ERROR_MSG = #{record.errorMsg,jdbcType=VARCHAR},
      </if>
      <if test="record.operTime != null" >
        OPER_TIME = #{record.operTime,jdbcType=TIMESTAMP},
      </if>
    </set>
    <if test="_parameter != null" >
      <include refid="Update_By_Example_Where_Clause" />
    </if>
  </update>
  <update id="updateByExample" parameterType="map" >
    update SYS_OPER_LOG_INFO
    set ID = #{record.id,jdbcType=VARCHAR},
      TITLE = #{record.title,jdbcType=VARCHAR},
      BUSINESS_TYPE = #{record.businessType,jdbcType=DECIMAL},
      OPER_METHOD = #{record.operMethod,jdbcType=VARCHAR},
      OPER_REMARK = #{record.operRemark,jdbcType=VARCHAR},
      OPERATOR_TYPE = #{record.operatorType,jdbcType=DECIMAL},
      OPER_NAME = #{record.operName,jdbcType=VARCHAR},
      DEPT_ID = #{record.deptId,jdbcType=VARCHAR},
      DEPT_NAME = #{record.deptName,jdbcType=VARCHAR},
      OPER_URL = #{record.operUrl,jdbcType=VARCHAR},
      OPER_IP = #{record.operIp,jdbcType=VARCHAR},
      OPER_PARAM = #{record.operParam,jdbcType=VARCHAR},
      STATUS = #{record.status,jdbcType=DECIMAL},
      ERROR_MSG = #{record.errorMsg,jdbcType=VARCHAR},
      OPER_TIME = #{record.operTime,jdbcType=TIMESTAMP}
    <if test="_parameter != null" >
      <include refid="Update_By_Example_Where_Clause" />
    </if>
  </update>
  <update id="updateByPrimaryKeySelective" parameterType="com.huateng.user.dal.model.OperLogInfo" >
    update SYS_OPER_LOG_INFO
    <set >
      <if test="title != null" >
        TITLE = #{title,jdbcType=VARCHAR},
      </if>
      <if test="businessType != null" >
        BUSINESS_TYPE = #{businessType,jdbcType=DECIMAL},
      </if>
      <if test="operMethod != null" >
        OPER_METHOD = #{operMethod,jdbcType=VARCHAR},
      </if>
      <if test="operRemark != null" >
        OPER_REMARK = #{operRemark,jdbcType=VARCHAR},
      </if>
      <if test="operatorType != null" >
        OPERATOR_TYPE = #{operatorType,jdbcType=DECIMAL},
      </if>
      <if test="operName != null" >
        OPER_NAME = #{operName,jdbcType=VARCHAR},
      </if>
      <if test="deptId != null" >
        DEPT_ID = #{deptId,jdbcType=VARCHAR},
      </if>
      <if test="deptName != null" >
        DEPT_NAME = #{deptName,jdbcType=VARCHAR},
      </if>
      <if test="operUrl != null" >
        OPER_URL = #{operUrl,jdbcType=VARCHAR},
      </if>
      <if test="operIp != null" >
        OPER_IP = #{operIp,jdbcType=VARCHAR},
      </if>
      <if test="operParam != null" >
        OPER_PARAM = #{operParam,jdbcType=VARCHAR},
      </if>
      <if test="status != null" >
        STATUS = #{status,jdbcType=DECIMAL},
      </if>
      <if test="errorMsg != null" >
        ERROR_MSG = #{errorMsg,jdbcType=VARCHAR},
      </if>
      <if test="operTime != null" >
        OPER_TIME = #{operTime,jdbcType=TIMESTAMP},
      </if>
    </set>
    where ID = #{id,jdbcType=VARCHAR}
  </update>
  <update id="updateByPrimaryKey" parameterType="com.huateng.user.dal.model.OperLogInfo" >
    update SYS_OPER_LOG_INFO
    set TITLE = #{title,jdbcType=VARCHAR},
      BUSINESS_TYPE = #{businessType,jdbcType=DECIMAL},
      OPER_METHOD = #{operMethod,jdbcType=VARCHAR},
      OPER_REMARK = #{operRemark,jdbcType=VARCHAR},
      OPERATOR_TYPE = #{operatorType,jdbcType=DECIMAL},
      OPER_NAME = #{operName,jdbcType=VARCHAR},
      DEPT_ID = #{deptId,jdbcType=VARCHAR},
      DEPT_NAME = #{deptName,jdbcType=VARCHAR},
      OPER_URL = #{operUrl,jdbcType=VARCHAR},
      OPER_IP = #{operIp,jdbcType=VARCHAR},
      OPER_PARAM = #{operParam,jdbcType=VARCHAR},
      STATUS = #{status,jdbcType=DECIMAL},
      ERROR_MSG = #{errorMsg,jdbcType=VARCHAR},
      OPER_TIME = #{operTime,jdbcType=TIMESTAMP}
    where ID = #{id,jdbcType=VARCHAR}
  </update>
</mapper>