<?xml version="1.0" encoding="UTF-8" ?>
<!DOCTYPE mapper PUBLIC "-//mybatis.org//DTD Mapper 3.0//EN" "http://mybatis.org/dtd/mybatis-3-mapper.dtd" >
<mapper namespace="com.huateng.user.dal.dao.PasswordRecordMapper" >
  <resultMap id="BaseResultMap" type="com.huateng.user.dal.model.PasswordRecord" >
    <id column="ID" property="id" jdbcType="VARCHAR" />
    <result column="USER_ID" property="userId" jdbcType="VARCHAR" />
    <result column="USER_PASSWORD" property="userPassword" jdbcType="VARCHAR" />
    <result column="TRY_TIMES" property="tryTimes" jdbcType="DECIMAL" />
    <result column="STATUS" property="status" jdbcType="DECIMAL" />
    <result column="EXPIRE_TIME" property="expireTime" jdbcType="TIMESTAMP" />
    <result column="CREATE_TIME" property="createTime" jdbcType="TIMESTAMP" />
    <result column="UPDATE_TIME" property="updateTime" jdbcType="TIMESTAMP" />
  </resultMap>
  <sql id="Example_Where_Clause" >
    <where >
      <foreach collection="oredCriteria" item="criteria" separator="or" >
        <if test="criteria.valid" >
          <trim prefix="(" suffix=")" prefixOverrides="and" >
            <foreach collection="criteria.criteria" item="criterion" >
              <choose >
                <when test="criterion.noValue" >
                  and ${criterion.condition}
                </when>
                <when test="criterion.singleValue" >
                  and ${criterion.condition} #{criterion.value}
                </when>
                <when test="criterion.betweenValue" >
                  and ${criterion.condition} #{criterion.value} and #{criterion.secondValue}
                </when>
                <when test="criterion.listValue" >
                  and ${criterion.condition}
                  <foreach collection="criterion.value" item="listItem" open="(" close=")" separator="," >
                    #{listItem}
                  </foreach>
                </when>
              </choose>
            </foreach>
          </trim>
        </if>
      </foreach>
    </where>
  </sql>
  <sql id="Update_By_Example_Where_Clause" >
    <where >
      <foreach collection="example.oredCriteria" item="criteria" separator="or" >
        <if test="criteria.valid" >
          <trim prefix="(" suffix=")" prefixOverrides="and" >
            <foreach collection="criteria.criteria" item="criterion" >
              <choose >
                <when test="criterion.noValue" >
                  and ${criterion.condition}
                </when>
                <when test="criterion.singleValue" >
                  and ${criterion.condition} #{criterion.value}
                </when>
                <when test="criterion.betweenValue" >
                  and ${criterion.condition} #{criterion.value} and #{criterion.secondValue}
                </when>
                <when test="criterion.listValue" >
                  and ${criterion.condition}
                  <foreach collection="criterion.value" item="listItem" open="(" close=")" separator="," >
                    #{listItem}
                  </foreach>
                </when>
              </choose>
            </foreach>
          </trim>
        </if>
      </foreach>
    </where>
  </sql>
  <sql id="Base_Column_List" >
    ID, USER_ID, USER_PASSWORD, TRY_TIMES, STATUS, EXPIRE_TIME, CREATE_TIME, UPDATE_TIME
  </sql>
  <select id="selectByExample" resultMap="BaseResultMap" parameterType="com.huateng.user.dal.model.PasswordRecordExample" >
    select
    <if test="distinct" >
      distinct
    </if>
    <include refid="Base_Column_List" />
    from SYS_PASSWORD_RECORD
    <if test="_parameter != null" >
      <include refid="Example_Where_Clause" />
    </if>
    <if test="orderByClause != null" >
      order by ${orderByClause}
    </if>
  </select>
  <select id="selectByPrimaryKey" resultMap="BaseResultMap" parameterType="java.lang.String" >
    select 
    <include refid="Base_Column_List" />
    from SYS_PASSWORD_RECORD
    where ID = #{id,jdbcType=VARCHAR}
  </select>
  <delete id="deleteByPrimaryKey" parameterType="java.lang.String" >
    delete from SYS_PASSWORD_RECORD
    where ID = #{id,jdbcType=VARCHAR}
  </delete>
  <delete id="deleteByExample" parameterType="com.huateng.user.dal.model.PasswordRecordExample" >
    delete from SYS_PASSWORD_RECORD
    <if test="_parameter != null" >
      <include refid="Example_Where_Clause" />
    </if>
  </delete>
  <insert id="insert" parameterType="com.huateng.user.dal.model.PasswordRecord" >
    <selectKey resultType="java.lang.String" keyProperty="id" order="BEFORE" >
      GENID('SYS_PASSWORD_RECORD')
    </selectKey>
    insert into SYS_PASSWORD_RECORD (ID, USER_ID, USER_PASSWORD, 
      TRY_TIMES, STATUS, EXPIRE_TIME, 
      CREATE_TIME, UPDATE_TIME)
    values (#{id,jdbcType=VARCHAR}, #{userId,jdbcType=VARCHAR}, #{userPassword,jdbcType=VARCHAR}, 
      #{tryTimes,jdbcType=DECIMAL}, #{status,jdbcType=DECIMAL}, #{expireTime,jdbcType=TIMESTAMP}, 
      #{createTime,jdbcType=TIMESTAMP}, #{updateTime,jdbcType=TIMESTAMP})
  </insert>
  <insert id="insertSelective" parameterType="com.huateng.user.dal.model.PasswordRecord" >
    <selectKey resultType="java.lang.String" keyProperty="id" order="BEFORE" >
      GENID('SYS_PASSWORD_RECORD')
    </selectKey>
    insert into SYS_PASSWORD_RECORD
    <trim prefix="(" suffix=")" suffixOverrides="," >
      ID,
      <if test="userId != null" >
        USER_ID,
      </if>
      <if test="userPassword != null" >
        USER_PASSWORD,
      </if>
      <if test="tryTimes != null" >
        TRY_TIMES,
      </if>
      <if test="status != null" >
        STATUS,
      </if>
      <if test="expireTime != null" >
        EXPIRE_TIME,
      </if>
      <if test="createTime != null" >
        CREATE_TIME,
      </if>
      <if test="updateTime != null" >
        UPDATE_TIME,
      </if>
    </trim>
    <trim prefix="values (" suffix=")" suffixOverrides="," >
      #{id,jdbcType=VARCHAR},
      <if test="userId != null" >
        #{userId,jdbcType=VARCHAR},
      </if>
      <if test="userPassword != null" >
        #{userPassword,jdbcType=VARCHAR},
      </if>
      <if test="tryTimes != null" >
        #{tryTimes,jdbcType=DECIMAL},
      </if>
      <if test="status != null" >
        #{status,jdbcType=DECIMAL},
      </if>
      <if test="expireTime != null" >
        #{expireTime,jdbcType=TIMESTAMP},
      </if>
      <if test="createTime != null" >
        #{createTime,jdbcType=TIMESTAMP},
      </if>
      <if test="updateTime != null" >
        #{updateTime,jdbcType=TIMESTAMP},
      </if>
    </trim>
  </insert>
  <select id="countByExample" parameterType="com.huateng.user.dal.model.PasswordRecordExample" resultType="java.lang.Integer" >
    select count(*) from SYS_PASSWORD_RECORD
    <if test="_parameter != null" >
      <include refid="Example_Where_Clause" />
    </if>
  </select>
  <update id="updateByExampleSelective" parameterType="map" >
    update SYS_PASSWORD_RECORD
    <set >
      <if test="record.id != null" >
        ID = #{record.id,jdbcType=VARCHAR},
      </if>
      <if test="record.userId != null" >
        USER_ID = #{record.userId,jdbcType=VARCHAR},
      </if>
      <if test="record.userPassword != null" >
        USER_PASSWORD = #{record.userPassword,jdbcType=VARCHAR},
      </if>
      <if test="record.tryTimes != null" >
        TRY_TIMES = #{record.tryTimes,jdbcType=DECIMAL},
      </if>
      <if test="record.status != null" >
        STATUS = #{record.status,jdbcType=DECIMAL},
      </if>
      <if test="record.expireTime != null" >
        EXPIRE_TIME = #{record.expireTime,jdbcType=TIMESTAMP},
      </if>
      <if test="record.createTime != null" >
        CREATE_TIME = #{record.createTime,jdbcType=TIMESTAMP},
      </if>
      <if test="record.updateTime != null" >
        UPDATE_TIME = #{record.updateTime,jdbcType=TIMESTAMP},
      </if>
    </set>
    <if test="_parameter != null" >
      <include refid="Update_By_Example_Where_Clause" />
    </if>
  </update>
  <update id="updateByExample" parameterType="map" >
    update SYS_PASSWORD_RECORD
    set ID = #{record.id,jdbcType=VARCHAR},
      USER_ID = #{record.userId,jdbcType=VARCHAR},
      USER_PASSWORD = #{record.userPassword,jdbcType=VARCHAR},
      TRY_TIMES = #{record.tryTimes,jdbcType=DECIMAL},
      STATUS = #{record.status,jdbcType=DECIMAL},
      EXPIRE_TIME = #{record.expireTime,jdbcType=TIMESTAMP},
      CREATE_TIME = #{record.createTime,jdbcType=TIMESTAMP},
      UPDATE_TIME = #{record.updateTime,jdbcType=TIMESTAMP}
    <if test="_parameter != null" >
      <include refid="Update_By_Example_Where_Clause" />
    </if>
  </update>
  <update id="updateByPrimaryKeySelective" parameterType="com.huateng.user.dal.model.PasswordRecord" >
    update SYS_PASSWORD_RECORD
    <set >
      <if test="userId != null" >
        USER_ID = #{userId,jdbcType=VARCHAR},
      </if>
      <if test="userPassword != null" >
        USER_PASSWORD = #{userPassword,jdbcType=VARCHAR},
      </if>
      <if test="tryTimes != null" >
        TRY_TIMES = #{tryTimes,jdbcType=DECIMAL},
      </if>
      <if test="status != null" >
        STATUS = #{status,jdbcType=DECIMAL},
      </if>
      <if test="expireTime != null" >
        EXPIRE_TIME = #{expireTime,jdbcType=TIMESTAMP},
      </if>
      <if test="createTime != null" >
        CREATE_TIME = #{createTime,jdbcType=TIMESTAMP},
      </if>
      <if test="updateTime != null" >
        UPDATE_TIME = #{updateTime,jdbcType=TIMESTAMP},
      </if>
    </set>
    where ID = #{id,jdbcType=VARCHAR}
  </update>
  <update id="updateByPrimaryKey" parameterType="com.huateng.user.dal.model.PasswordRecord" >
    update SYS_PASSWORD_RECORD
    set USER_ID = #{userId,jdbcType=VARCHAR},
      USER_PASSWORD = #{userPassword,jdbcType=VARCHAR},
      TRY_TIMES = #{tryTimes,jdbcType=DECIMAL},
      STATUS = #{status,jdbcType=DECIMAL},
      EXPIRE_TIME = #{expireTime,jdbcType=TIMESTAMP},
      CREATE_TIME = #{createTime,jdbcType=TIMESTAMP},
      UPDATE_TIME = #{updateTime,jdbcType=TIMESTAMP}
    where ID = #{id,jdbcType=VARCHAR}
  </update>
</mapper>