<?xml version="1.0" encoding="UTF-8" ?>
<!DOCTYPE mapper PUBLIC "-//mybatis.org//DTD Mapper 3.0//EN" "http://mybatis.org/dtd/mybatis-3-mapper.dtd" >
<mapper namespace="com.huateng.user.dal.dao.RoleInfoMapper" >
  <resultMap id="BaseResultMap" type="com.huateng.user.dal.model.RoleInfo" >
    <id column="ID" property="id" jdbcType="VARCHAR" />
    <result column="ROLE_NAME" property="roleName" jdbcType="VARCHAR" />
    <result column="ROLE_KEY" property="roleKey" jdbcType="VARCHAR" />
    <result column="ROLE_SORT" property="roleSort" jdbcType="DECIMAL" />
    <result column="DATA_SCOPE" property="dataScope" jdbcType="DECIMAL" />
    <result column="STATUS" property="status" jdbcType="DECIMAL" />
    <result column="DEL_FLAG" property="delFlag" jdbcType="DECIMAL" />
    <result column="CREATE_BY" property="createBy" jdbcType="VARCHAR" />
    <result column="CREATE_TIME" property="createTime" jdbcType="TIMESTAMP" />
    <result column="UPDATE_BY" property="updateBy" jdbcType="VARCHAR" />
    <result column="UPDATE_TIME" property="updateTime" jdbcType="TIMESTAMP" />
    <result column="REMARK" property="remark" jdbcType="VARCHAR" />
  </resultMap>
  <sql id="Example_Where_Clause" >
    <where >
      <foreach collection="oredCriteria" item="criteria" separator="or" >
        <if test="criteria.valid" >
          <trim prefix="(" suffix=")" prefixOverrides="and" >
            <foreach collection="criteria.criteria" item="criterion" >
              <choose >
                <when test="criterion.noValue" >
                  and ${criterion.condition}
                </when>
                <when test="criterion.singleValue" >
                  and ${criterion.condition} #{criterion.value}
                </when>
                <when test="criterion.betweenValue" >
                  and ${criterion.condition} #{criterion.value} and #{criterion.secondValue}
                </when>
                <when test="criterion.listValue" >
                  and ${criterion.condition}
                  <foreach collection="criterion.value" item="listItem" open="(" close=")" separator="," >
                    #{listItem}
                  </foreach>
                </when>
              </choose>
            </foreach>
          </trim>
        </if>
      </foreach>
    </where>
  </sql>
  <sql id="Update_By_Example_Where_Clause" >
    <where >
      <foreach collection="example.oredCriteria" item="criteria" separator="or" >
        <if test="criteria.valid" >
          <trim prefix="(" suffix=")" prefixOverrides="and" >
            <foreach collection="criteria.criteria" item="criterion" >
              <choose >
                <when test="criterion.noValue" >
                  and ${criterion.condition}
                </when>
                <when test="criterion.singleValue" >
                  and ${criterion.condition} #{criterion.value}
                </when>
                <when test="criterion.betweenValue" >
                  and ${criterion.condition} #{criterion.value} and #{criterion.secondValue}
                </when>
                <when test="criterion.listValue" >
                  and ${criterion.condition}
                  <foreach collection="criterion.value" item="listItem" open="(" close=")" separator="," >
                    #{listItem}
                  </foreach>
                </when>
              </choose>
            </foreach>
          </trim>
        </if>
      </foreach>
    </where>
  </sql>
  <sql id="Base_Column_List" >
    ID, ROLE_NAME, ROLE_KEY, ROLE_SORT, DATA_SCOPE, STATUS, DEL_FLAG, CREATE_BY, CREATE_TIME, 
    UPDATE_BY, UPDATE_TIME, REMARK
  </sql>
  <select id="selectByExample" resultMap="BaseResultMap" parameterType="com.huateng.user.dal.model.RoleInfoExample" >
    select
    <if test="distinct" >
      distinct
    </if>
    <include refid="Base_Column_List" />
    from SYS_ROLE_INFO
    <if test="_parameter != null" >
      <include refid="Example_Where_Clause" />
    </if>
    <if test="orderByClause != null" >
      order by ${orderByClause}
    </if>
  </select>
  <select id="selectByPrimaryKey" resultMap="BaseResultMap" parameterType="java.lang.String" >
    select 
    <include refid="Base_Column_List" />
    from SYS_ROLE_INFO
    where ID = #{id,jdbcType=VARCHAR}
  </select>
  <delete id="deleteByPrimaryKey" parameterType="java.lang.String" >
    delete from SYS_ROLE_INFO
    where ID = #{id,jdbcType=VARCHAR}
  </delete>
  <delete id="deleteByExample" parameterType="com.huateng.user.dal.model.RoleInfoExample" >
    delete from SYS_ROLE_INFO
    <if test="_parameter != null" >
      <include refid="Example_Where_Clause" />
    </if>
  </delete>
  <insert id="insert" parameterType="com.huateng.user.dal.model.RoleInfo" >
    <selectKey resultType="java.lang.String" keyProperty="id" order="BEFORE" >
      GENID('SYS_ROLE_INFO')
    </selectKey>
    insert into SYS_ROLE_INFO (ID, ROLE_NAME, ROLE_KEY, 
      ROLE_SORT, DATA_SCOPE, STATUS, 
      DEL_FLAG, CREATE_BY, CREATE_TIME, 
      UPDATE_BY, UPDATE_TIME, REMARK
      )
    values (#{id,jdbcType=VARCHAR}, #{roleName,jdbcType=VARCHAR}, #{roleKey,jdbcType=VARCHAR}, 
      #{roleSort,jdbcType=DECIMAL}, #{dataScope,jdbcType=DECIMAL}, #{status,jdbcType=DECIMAL}, 
      #{delFlag,jdbcType=DECIMAL}, #{createBy,jdbcType=VARCHAR}, #{createTime,jdbcType=TIMESTAMP}, 
      #{updateBy,jdbcType=VARCHAR}, #{updateTime,jdbcType=TIMESTAMP}, #{remark,jdbcType=VARCHAR}
      )
  </insert>
  <insert id="insertSelective" parameterType="com.huateng.user.dal.model.RoleInfo" >
    <selectKey resultType="java.lang.String" keyProperty="id" order="BEFORE" >
      GENID('SYS_ROLE_INFO')
    </selectKey>
    insert into SYS_ROLE_INFO
    <trim prefix="(" suffix=")" suffixOverrides="," >
      ID,
      <if test="roleName != null" >
        ROLE_NAME,
      </if>
      <if test="roleKey != null" >
        ROLE_KEY,
      </if>
      <if test="roleSort != null" >
        ROLE_SORT,
      </if>
      <if test="dataScope != null" >
        DATA_SCOPE,
      </if>
      <if test="status != null" >
        STATUS,
      </if>
      <if test="delFlag != null" >
        DEL_FLAG,
      </if>
      <if test="createBy != null" >
        CREATE_BY,
      </if>
      <if test="createTime != null" >
        CREATE_TIME,
      </if>
      <if test="updateBy != null" >
        UPDATE_BY,
      </if>
      <if test="updateTime != null" >
        UPDATE_TIME,
      </if>
      <if test="remark != null" >
        REMARK,
      </if>
    </trim>
    <trim prefix="values (" suffix=")" suffixOverrides="," >
      #{id,jdbcType=VARCHAR},
      <if test="roleName != null" >
        #{roleName,jdbcType=VARCHAR},
      </if>
      <if test="roleKey != null" >
        #{roleKey,jdbcType=VARCHAR},
      </if>
      <if test="roleSort != null" >
        #{roleSort,jdbcType=DECIMAL},
      </if>
      <if test="dataScope != null" >
        #{dataScope,jdbcType=DECIMAL},
      </if>
      <if test="status != null" >
        #{status,jdbcType=DECIMAL},
      </if>
      <if test="delFlag != null" >
        #{delFlag,jdbcType=DECIMAL},
      </if>
      <if test="createBy != null" >
        #{createBy,jdbcType=VARCHAR},
      </if>
      <if test="createTime != null" >
        #{createTime,jdbcType=TIMESTAMP},
      </if>
      <if test="updateBy != null" >
        #{updateBy,jdbcType=VARCHAR},
      </if>
      <if test="updateTime != null" >
        #{updateTime,jdbcType=TIMESTAMP},
      </if>
      <if test="remark != null" >
        #{remark,jdbcType=VARCHAR},
      </if>
    </trim>
  </insert>
  <select id="countByExample" parameterType="com.huateng.user.dal.model.RoleInfoExample" resultType="java.lang.Integer" >
    select count(*) from SYS_ROLE_INFO
    <if test="_parameter != null" >
      <include refid="Example_Where_Clause" />
    </if>
  </select>
  <update id="updateByExampleSelective" parameterType="map" >
    update SYS_ROLE_INFO
    <set >
      <if test="record.id != null" >
        ID = #{record.id,jdbcType=VARCHAR},
      </if>
      <if test="record.roleName != null" >
        ROLE_NAME = #{record.roleName,jdbcType=VARCHAR},
      </if>
      <if test="record.roleKey != null" >
        ROLE_KEY = #{record.roleKey,jdbcType=VARCHAR},
      </if>
      <if test="record.roleSort != null" >
        ROLE_SORT = #{record.roleSort,jdbcType=DECIMAL},
      </if>
      <if test="record.dataScope != null" >
        DATA_SCOPE = #{record.dataScope,jdbcType=DECIMAL},
      </if>
      <if test="record.status != null" >
        STATUS = #{record.status,jdbcType=DECIMAL},
      </if>
      <if test="record.delFlag != null" >
        DEL_FLAG = #{record.delFlag,jdbcType=DECIMAL},
      </if>
      <if test="record.createBy != null" >
        CREATE_BY = #{record.createBy,jdbcType=VARCHAR},
      </if>
      <if test="record.createTime != null" >
        CREATE_TIME = #{record.createTime,jdbcType=TIMESTAMP},
      </if>
      <if test="record.updateBy != null" >
        UPDATE_BY = #{record.updateBy,jdbcType=VARCHAR},
      </if>
      <if test="record.updateTime != null" >
        UPDATE_TIME = #{record.updateTime,jdbcType=TIMESTAMP},
      </if>
      <if test="record.remark != null" >
        REMARK = #{record.remark,jdbcType=VARCHAR},
      </if>
    </set>
    <if test="_parameter != null" >
      <include refid="Update_By_Example_Where_Clause" />
    </if>
  </update>
  <update id="updateByExample" parameterType="map" >
    update SYS_ROLE_INFO
    set ID = #{record.id,jdbcType=VARCHAR},
      ROLE_NAME = #{record.roleName,jdbcType=VARCHAR},
      ROLE_KEY = #{record.roleKey,jdbcType=VARCHAR},
      ROLE_SORT = #{record.roleSort,jdbcType=DECIMAL},
      DATA_SCOPE = #{record.dataScope,jdbcType=DECIMAL},
      STATUS = #{record.status,jdbcType=DECIMAL},
      DEL_FLAG = #{record.delFlag,jdbcType=DECIMAL},
      CREATE_BY = #{record.createBy,jdbcType=VARCHAR},
      CREATE_TIME = #{record.createTime,jdbcType=TIMESTAMP},
      UPDATE_BY = #{record.updateBy,jdbcType=VARCHAR},
      UPDATE_TIME = #{record.updateTime,jdbcType=TIMESTAMP},
      REMARK = #{record.remark,jdbcType=VARCHAR}
    <if test="_parameter != null" >
      <include refid="Update_By_Example_Where_Clause" />
    </if>
  </update>
  <update id="updateByPrimaryKeySelective" parameterType="com.huateng.user.dal.model.RoleInfo" >
    update SYS_ROLE_INFO
    <set >
      <if test="roleName != null" >
        ROLE_NAME = #{roleName,jdbcType=VARCHAR},
      </if>
      <if test="roleKey != null" >
        ROLE_KEY = #{roleKey,jdbcType=VARCHAR},
      </if>
      <if test="roleSort != null" >
        ROLE_SORT = #{roleSort,jdbcType=DECIMAL},
      </if>
      <if test="dataScope != null" >
        DATA_SCOPE = #{dataScope,jdbcType=DECIMAL},
      </if>
      <if test="status != null" >
        STATUS = #{status,jdbcType=DECIMAL},
      </if>
      <if test="delFlag != null" >
        DEL_FLAG = #{delFlag,jdbcType=DECIMAL},
      </if>
      <if test="createBy != null" >
        CREATE_BY = #{createBy,jdbcType=VARCHAR},
      </if>
      <if test="createTime != null" >
        CREATE_TIME = #{createTime,jdbcType=TIMESTAMP},
      </if>
      <if test="updateBy != null" >
        UPDATE_BY = #{updateBy,jdbcType=VARCHAR},
      </if>
      <if test="updateTime != null" >
        UPDATE_TIME = #{updateTime,jdbcType=TIMESTAMP},
      </if>
      <if test="remark != null" >
        REMARK = #{remark,jdbcType=VARCHAR},
      </if>
    </set>
    where ID = #{id,jdbcType=VARCHAR}
  </update>
  <update id="updateByPrimaryKey" parameterType="com.huateng.user.dal.model.RoleInfo" >
    update SYS_ROLE_INFO
    set ROLE_NAME = #{roleName,jdbcType=VARCHAR},
      ROLE_KEY = #{roleKey,jdbcType=VARCHAR},
      ROLE_SORT = #{roleSort,jdbcType=DECIMAL},
      DATA_SCOPE = #{dataScope,jdbcType=DECIMAL},
      STATUS = #{status,jdbcType=DECIMAL},
      DEL_FLAG = #{delFlag,jdbcType=DECIMAL},
      CREATE_BY = #{createBy,jdbcType=VARCHAR},
      CREATE_TIME = #{createTime,jdbcType=TIMESTAMP},
      UPDATE_BY = #{updateBy,jdbcType=VARCHAR},
      UPDATE_TIME = #{updateTime,jdbcType=TIMESTAMP},
      REMARK = #{remark,jdbcType=VARCHAR}
    where ID = #{id,jdbcType=VARCHAR}
  </update>
</mapper>