<?xml version="1.0" encoding="UTF-8" ?>
<!DOCTYPE mapper PUBLIC "-//mybatis.org//DTD Mapper 3.0//EN" "http://mybatis.org/dtd/mybatis-3-mapper.dtd" >
<mapper namespace="com.huateng.user.dal.dao.TenantInfoMapper" >
  <resultMap id="BaseResultMap" type="com.huateng.user.dal.model.TenantInfo" >
    <id column="ID" property="id" jdbcType="VARCHAR" />
    <result column="TENANT_CODE" property="tenantCode" jdbcType="VARCHAR" />
    <result column="TENANT_NAME" property="tenantName" jdbcType="VARCHAR" />
    <result column="LEADER" property="leader" jdbcType="VARCHAR" />
    <result column="PHONE" property="phone" jdbcType="VARCHAR" />
    <result column="EMAIL" property="email" jdbcType="VARCHAR" />
    <result column="STATUS" property="status" jdbcType="DECIMAL" />
    <result column="DEL_FLAG" property="delFlag" jdbcType="DECIMAL" />
    <result column="CREATE_BY" property="createBy" jdbcType="VARCHAR" />
    <result column="CREATE_TIME" property="createTime" jdbcType="TIMESTAMP" />
    <result column="UPDATE_BY" property="updateBy" jdbcType="VARCHAR" />
    <result column="UPDATE_TIME" property="updateTime" jdbcType="TIMESTAMP" />
  </resultMap>
  <sql id="Example_Where_Clause" >
    <where >
      <foreach collection="oredCriteria" item="criteria" separator="or" >
        <if test="criteria.valid" >
          <trim prefix="(" suffix=")" prefixOverrides="and" >
            <foreach collection="criteria.criteria" item="criterion" >
              <choose >
                <when test="criterion.noValue" >
                  and ${criterion.condition}
                </when>
                <when test="criterion.singleValue" >
                  and ${criterion.condition} #{criterion.value}
                </when>
                <when test="criterion.betweenValue" >
                  and ${criterion.condition} #{criterion.value} and #{criterion.secondValue}
                </when>
                <when test="criterion.listValue" >
                  and ${criterion.condition}
                  <foreach collection="criterion.value" item="listItem" open="(" close=")" separator="," >
                    #{listItem}
                  </foreach>
                </when>
              </choose>
            </foreach>
          </trim>
        </if>
      </foreach>
    </where>
  </sql>
  <sql id="Update_By_Example_Where_Clause" >
    <where >
      <foreach collection="example.oredCriteria" item="criteria" separator="or" >
        <if test="criteria.valid" >
          <trim prefix="(" suffix=")" prefixOverrides="and" >
            <foreach collection="criteria.criteria" item="criterion" >
              <choose >
                <when test="criterion.noValue" >
                  and ${criterion.condition}
                </when>
                <when test="criterion.singleValue" >
                  and ${criterion.condition} #{criterion.value}
                </when>
                <when test="criterion.betweenValue" >
                  and ${criterion.condition} #{criterion.value} and #{criterion.secondValue}
                </when>
                <when test="criterion.listValue" >
                  and ${criterion.condition}
                  <foreach collection="criterion.value" item="listItem" open="(" close=")" separator="," >
                    #{listItem}
                  </foreach>
                </when>
              </choose>
            </foreach>
          </trim>
        </if>
      </foreach>
    </where>
  </sql>
  <sql id="Base_Column_List" >
    ID, TENANT_CODE, TENANT_NAME, LEADER, PHONE, EMAIL, STATUS, DEL_FLAG, CREATE_BY, 
    CREATE_TIME, UPDATE_BY, UPDATE_TIME
  </sql>
  <select id="selectByExample" resultMap="BaseResultMap" parameterType="com.huateng.user.dal.model.TenantInfoExample" >
    select
    <if test="distinct" >
      distinct
    </if>
    <include refid="Base_Column_List" />
    from SYS_TENANT_INFO
    <if test="_parameter != null" >
      <include refid="Example_Where_Clause" />
    </if>
    <if test="orderByClause != null" >
      order by ${orderByClause}
    </if>
  </select>
  <select id="selectByPrimaryKey" resultMap="BaseResultMap" parameterType="java.lang.String" >
    select 
    <include refid="Base_Column_List" />
    from SYS_TENANT_INFO
    where ID = #{id,jdbcType=VARCHAR}
  </select>
  <delete id="deleteByPrimaryKey" parameterType="java.lang.String" >
    delete from SYS_TENANT_INFO
    where ID = #{id,jdbcType=VARCHAR}
  </delete>
  <delete id="deleteByExample" parameterType="com.huateng.user.dal.model.TenantInfoExample" >
    delete from SYS_TENANT_INFO
    <if test="_parameter != null" >
      <include refid="Example_Where_Clause" />
    </if>
  </delete>
  <insert id="insert" parameterType="com.huateng.user.dal.model.TenantInfo" >
    <selectKey resultType="java.lang.String" keyProperty="id" order="BEFORE" >
      'TI'+GENID('SYS_TENANT_INFO')
    </selectKey>
    insert into SYS_TENANT_INFO (ID, TENANT_CODE, TENANT_NAME, 
      LEADER, PHONE, EMAIL, 
      STATUS, DEL_FLAG, CREATE_BY, 
      CREATE_TIME, UPDATE_BY, UPDATE_TIME
      )
    values (#{id,jdbcType=VARCHAR}, #{tenantCode,jdbcType=VARCHAR}, #{tenantName,jdbcType=VARCHAR}, 
      #{leader,jdbcType=VARCHAR}, #{phone,jdbcType=VARCHAR}, #{email,jdbcType=VARCHAR}, 
      #{status,jdbcType=DECIMAL}, #{delFlag,jdbcType=DECIMAL}, #{createBy,jdbcType=VARCHAR}, 
      #{createTime,jdbcType=TIMESTAMP}, #{updateBy,jdbcType=VARCHAR}, #{updateTime,jdbcType=TIMESTAMP}
      )
  </insert>
  <insert id="insertSelective" parameterType="com.huateng.user.dal.model.TenantInfo" >
    <selectKey resultType="java.lang.String" keyProperty="id" order="BEFORE" >
      'TI'+GENID('SYS_TENANT_INFO')
    </selectKey>
    insert into SYS_TENANT_INFO
    <trim prefix="(" suffix=")" suffixOverrides="," >
      ID,
      <if test="tenantCode != null" >
        TENANT_CODE,
      </if>
      <if test="tenantName != null" >
        TENANT_NAME,
      </if>
      <if test="leader != null" >
        LEADER,
      </if>
      <if test="phone != null" >
        PHONE,
      </if>
      <if test="email != null" >
        EMAIL,
      </if>
      <if test="status != null" >
        STATUS,
      </if>
      <if test="delFlag != null" >
        DEL_FLAG,
      </if>
      <if test="createBy != null" >
        CREATE_BY,
      </if>
      <if test="createTime != null" >
        CREATE_TIME,
      </if>
      <if test="updateBy != null" >
        UPDATE_BY,
      </if>
      <if test="updateTime != null" >
        UPDATE_TIME,
      </if>
    </trim>
    <trim prefix="values (" suffix=")" suffixOverrides="," >
      #{id,jdbcType=VARCHAR},
      <if test="tenantCode != null" >
        #{tenantCode,jdbcType=VARCHAR},
      </if>
      <if test="tenantName != null" >
        #{tenantName,jdbcType=VARCHAR},
      </if>
      <if test="leader != null" >
        #{leader,jdbcType=VARCHAR},
      </if>
      <if test="phone != null" >
        #{phone,jdbcType=VARCHAR},
      </if>
      <if test="email != null" >
        #{email,jdbcType=VARCHAR},
      </if>
      <if test="status != null" >
        #{status,jdbcType=DECIMAL},
      </if>
      <if test="delFlag != null" >
        #{delFlag,jdbcType=DECIMAL},
      </if>
      <if test="createBy != null" >
        #{createBy,jdbcType=VARCHAR},
      </if>
      <if test="createTime != null" >
        #{createTime,jdbcType=TIMESTAMP},
      </if>
      <if test="updateBy != null" >
        #{updateBy,jdbcType=VARCHAR},
      </if>
      <if test="updateTime != null" >
        #{updateTime,jdbcType=TIMESTAMP},
      </if>
    </trim>
  </insert>
  <select id="countByExample" parameterType="com.huateng.user.dal.model.TenantInfoExample" resultType="java.lang.Integer" >
    select count(*) from SYS_TENANT_INFO
    <if test="_parameter != null" >
      <include refid="Example_Where_Clause" />
    </if>
  </select>
  <update id="updateByExampleSelective" parameterType="map" >
    update SYS_TENANT_INFO
    <set >
      <if test="record.id != null" >
        ID = #{record.id,jdbcType=VARCHAR},
      </if>
      <if test="record.tenantCode != null" >
        TENANT_CODE = #{record.tenantCode,jdbcType=VARCHAR},
      </if>
      <if test="record.tenantName != null" >
        TENANT_NAME = #{record.tenantName,jdbcType=VARCHAR},
      </if>
      <if test="record.leader != null" >
        LEADER = #{record.leader,jdbcType=VARCHAR},
      </if>
      <if test="record.phone != null" >
        PHONE = #{record.phone,jdbcType=VARCHAR},
      </if>
      <if test="record.email != null" >
        EMAIL = #{record.email,jdbcType=VARCHAR},
      </if>
      <if test="record.status != null" >
        STATUS = #{record.status,jdbcType=DECIMAL},
      </if>
      <if test="record.delFlag != null" >
        DEL_FLAG = #{record.delFlag,jdbcType=DECIMAL},
      </if>
      <if test="record.createBy != null" >
        CREATE_BY = #{record.createBy,jdbcType=VARCHAR},
      </if>
      <if test="record.createTime != null" >
        CREATE_TIME = #{record.createTime,jdbcType=TIMESTAMP},
      </if>
      <if test="record.updateBy != null" >
        UPDATE_BY = #{record.updateBy,jdbcType=VARCHAR},
      </if>
      <if test="record.updateTime != null" >
        UPDATE_TIME = #{record.updateTime,jdbcType=TIMESTAMP},
      </if>
    </set>
    <if test="_parameter != null" >
      <include refid="Update_By_Example_Where_Clause" />
    </if>
  </update>
  <update id="updateByExample" parameterType="map" >
    update SYS_TENANT_INFO
    set ID = #{record.id,jdbcType=VARCHAR},
      TENANT_CODE = #{record.tenantCode,jdbcType=VARCHAR},
      TENANT_NAME = #{record.tenantName,jdbcType=VARCHAR},
      LEADER = #{record.leader,jdbcType=VARCHAR},
      PHONE = #{record.phone,jdbcType=VARCHAR},
      EMAIL = #{record.email,jdbcType=VARCHAR},
      STATUS = #{record.status,jdbcType=DECIMAL},
      DEL_FLAG = #{record.delFlag,jdbcType=DECIMAL},
      CREATE_BY = #{record.createBy,jdbcType=VARCHAR},
      CREATE_TIME = #{record.createTime,jdbcType=TIMESTAMP},
      UPDATE_BY = #{record.updateBy,jdbcType=VARCHAR},
      UPDATE_TIME = #{record.updateTime,jdbcType=TIMESTAMP}
    <if test="_parameter != null" >
      <include refid="Update_By_Example_Where_Clause" />
    </if>
  </update>
  <update id="updateByPrimaryKeySelective" parameterType="com.huateng.user.dal.model.TenantInfo" >
    update SYS_TENANT_INFO
    <set >
      <if test="tenantCode != null" >
        TENANT_CODE = #{tenantCode,jdbcType=VARCHAR},
      </if>
      <if test="tenantName != null" >
        TENANT_NAME = #{tenantName,jdbcType=VARCHAR},
      </if>
      <if test="leader != null" >
        LEADER = #{leader,jdbcType=VARCHAR},
      </if>
      <if test="phone != null" >
        PHONE = #{phone,jdbcType=VARCHAR},
      </if>
      <if test="email != null" >
        EMAIL = #{email,jdbcType=VARCHAR},
      </if>
      <if test="status != null" >
        STATUS = #{status,jdbcType=DECIMAL},
      </if>
      <if test="delFlag != null" >
        DEL_FLAG = #{delFlag,jdbcType=DECIMAL},
      </if>
      <if test="createBy != null" >
        CREATE_BY = #{createBy,jdbcType=VARCHAR},
      </if>
      <if test="createTime != null" >
        CREATE_TIME = #{createTime,jdbcType=TIMESTAMP},
      </if>
      <if test="updateBy != null" >
        UPDATE_BY = #{updateBy,jdbcType=VARCHAR},
      </if>
      <if test="updateTime != null" >
        UPDATE_TIME = #{updateTime,jdbcType=TIMESTAMP},
      </if>
    </set>
    where ID = #{id,jdbcType=VARCHAR}
  </update>
  <update id="updateByPrimaryKey" parameterType="com.huateng.user.dal.model.TenantInfo" >
    update SYS_TENANT_INFO
    set TENANT_CODE = #{tenantCode,jdbcType=VARCHAR},
      TENANT_NAME = #{tenantName,jdbcType=VARCHAR},
      LEADER = #{leader,jdbcType=VARCHAR},
      PHONE = #{phone,jdbcType=VARCHAR},
      EMAIL = #{email,jdbcType=VARCHAR},
      STATUS = #{status,jdbcType=DECIMAL},
      DEL_FLAG = #{delFlag,jdbcType=DECIMAL},
      CREATE_BY = #{createBy,jdbcType=VARCHAR},
      CREATE_TIME = #{createTime,jdbcType=TIMESTAMP},
      UPDATE_BY = #{updateBy,jdbcType=VARCHAR},
      UPDATE_TIME = #{updateTime,jdbcType=TIMESTAMP}
    where ID = #{id,jdbcType=VARCHAR}
  </update>
</mapper>