<?xml version="1.0" encoding="UTF-8" ?>
<!DOCTYPE mapper PUBLIC "-//mybatis.org//DTD Mapper 3.0//EN" "http://mybatis.org/dtd/mybatis-3-mapper.dtd" >
<mapper namespace="com.huateng.user.dal.dao.UserPostInfoMapper" >
  <resultMap id="BaseResultMap" type="com.huateng.user.dal.model.UserPostInfo" >
    <id column="ID" property="id" jdbcType="VARCHAR" />
    <result column="USER_ID" property="userId" jdbcType="VARCHAR" />
    <result column="POST_ID" property="postId" jdbcType="VARCHAR" />
  </resultMap>
  <sql id="Example_Where_Clause" >
    <where >
      <foreach collection="oredCriteria" item="criteria" separator="or" >
        <if test="criteria.valid" >
          <trim prefix="(" suffix=")" prefixOverrides="and" >
            <foreach collection="criteria.criteria" item="criterion" >
              <choose >
                <when test="criterion.noValue" >
                  and ${criterion.condition}
                </when>
                <when test="criterion.singleValue" >
                  and ${criterion.condition} #{criterion.value}
                </when>
                <when test="criterion.betweenValue" >
                  and ${criterion.condition} #{criterion.value} and #{criterion.secondValue}
                </when>
                <when test="criterion.listValue" >
                  and ${criterion.condition}
                  <foreach collection="criterion.value" item="listItem" open="(" close=")" separator="," >
                    #{listItem}
                  </foreach>
                </when>
              </choose>
            </foreach>
          </trim>
        </if>
      </foreach>
    </where>
  </sql>
  <sql id="Update_By_Example_Where_Clause" >
    <where >
      <foreach collection="example.oredCriteria" item="criteria" separator="or" >
        <if test="criteria.valid" >
          <trim prefix="(" suffix=")" prefixOverrides="and" >
            <foreach collection="criteria.criteria" item="criterion" >
              <choose >
                <when test="criterion.noValue" >
                  and ${criterion.condition}
                </when>
                <when test="criterion.singleValue" >
                  and ${criterion.condition} #{criterion.value}
                </when>
                <when test="criterion.betweenValue" >
                  and ${criterion.condition} #{criterion.value} and #{criterion.secondValue}
                </when>
                <when test="criterion.listValue" >
                  and ${criterion.condition}
                  <foreach collection="criterion.value" item="listItem" open="(" close=")" separator="," >
                    #{listItem}
                  </foreach>
                </when>
              </choose>
            </foreach>
          </trim>
        </if>
      </foreach>
    </where>
  </sql>
  <sql id="Base_Column_List" >
    ID, USER_ID, POST_ID
  </sql>
  <select id="selectByExample" resultMap="BaseResultMap" parameterType="com.huateng.user.dal.model.UserPostInfoExample" >
    select
    <if test="distinct" >
      distinct
    </if>
    <include refid="Base_Column_List" />
    from SYS_USER_POST_INFO
    <if test="_parameter != null" >
      <include refid="Example_Where_Clause" />
    </if>
    <if test="orderByClause != null" >
      order by ${orderByClause}
    </if>
  </select>
  <select id="selectByPrimaryKey" resultMap="BaseResultMap" parameterType="java.lang.String" >
    select 
    <include refid="Base_Column_List" />
    from SYS_USER_POST_INFO
    where ID = #{id,jdbcType=VARCHAR}
  </select>
  <delete id="deleteByPrimaryKey" parameterType="java.lang.String" >
    delete from SYS_USER_POST_INFO
    where ID = #{id,jdbcType=VARCHAR}
  </delete>
  <delete id="deleteByExample" parameterType="com.huateng.user.dal.model.UserPostInfoExample" >
    delete from SYS_USER_POST_INFO
    <if test="_parameter != null" >
      <include refid="Example_Where_Clause" />
    </if>
  </delete>
  <insert id="insert" parameterType="com.huateng.user.dal.model.UserPostInfo" >
    <selectKey resultType="java.lang.String" keyProperty="id" order="BEFORE" >
      GENID('SYS_USER_POST_INFO')
    </selectKey>
    insert into SYS_USER_POST_INFO (ID, USER_ID, POST_ID
      )
    values (#{id,jdbcType=VARCHAR}, #{userId,jdbcType=VARCHAR}, #{postId,jdbcType=VARCHAR}
      )
  </insert>
  <insert id="insertSelective" parameterType="com.huateng.user.dal.model.UserPostInfo" >
    <selectKey resultType="java.lang.String" keyProperty="id" order="BEFORE" >
      GENID('SYS_USER_POST_INFO')
    </selectKey>
    insert into SYS_USER_POST_INFO
    <trim prefix="(" suffix=")" suffixOverrides="," >
      ID,
      <if test="userId != null" >
        USER_ID,
      </if>
      <if test="postId != null" >
        POST_ID,
      </if>
    </trim>
    <trim prefix="values (" suffix=")" suffixOverrides="," >
      #{id,jdbcType=VARCHAR},
      <if test="userId != null" >
        #{userId,jdbcType=VARCHAR},
      </if>
      <if test="postId != null" >
        #{postId,jdbcType=VARCHAR},
      </if>
    </trim>
  </insert>
  <select id="countByExample" parameterType="com.huateng.user.dal.model.UserPostInfoExample" resultType="java.lang.Integer" >
    select count(*) from SYS_USER_POST_INFO
    <if test="_parameter != null" >
      <include refid="Example_Where_Clause" />
    </if>
  </select>
  <update id="updateByExampleSelective" parameterType="map" >
    update SYS_USER_POST_INFO
    <set >
      <if test="record.id != null" >
        ID = #{record.id,jdbcType=VARCHAR},
      </if>
      <if test="record.userId != null" >
        USER_ID = #{record.userId,jdbcType=VARCHAR},
      </if>
      <if test="record.postId != null" >
        POST_ID = #{record.postId,jdbcType=VARCHAR},
      </if>
    </set>
    <if test="_parameter != null" >
      <include refid="Update_By_Example_Where_Clause" />
    </if>
  </update>
  <update id="updateByExample" parameterType="map" >
    update SYS_USER_POST_INFO
    set ID = #{record.id,jdbcType=VARCHAR},
      USER_ID = #{record.userId,jdbcType=VARCHAR},
      POST_ID = #{record.postId,jdbcType=VARCHAR}
    <if test="_parameter != null" >
      <include refid="Update_By_Example_Where_Clause" />
    </if>
  </update>
  <update id="updateByPrimaryKeySelective" parameterType="com.huateng.user.dal.model.UserPostInfo" >
    update SYS_USER_POST_INFO
    <set >
      <if test="userId != null" >
        USER_ID = #{userId,jdbcType=VARCHAR},
      </if>
      <if test="postId != null" >
        POST_ID = #{postId,jdbcType=VARCHAR},
      </if>
    </set>
    where ID = #{id,jdbcType=VARCHAR}
  </update>
  <update id="updateByPrimaryKey" parameterType="com.huateng.user.dal.model.UserPostInfo" >
    update SYS_USER_POST_INFO
    set USER_ID = #{userId,jdbcType=VARCHAR},
      POST_ID = #{postId,jdbcType=VARCHAR}
    where ID = #{id,jdbcType=VARCHAR}
  </update>
</mapper>