<?xml version="1.0" encoding="UTF-8" ?>
<!DOCTYPE mapper PUBLIC "-//mybatis.org//DTD Mapper 3.0//EN" "http://mybatis.org/dtd/mybatis-3-mapper.dtd" >
<mapper namespace="com.huateng.user.dal.dao.UserOnlineInfoMapper" >
  <resultMap id="BaseResultMap" type="com.huateng.user.dal.model.UserOnlineInfo" >
    <id column="ID" property="id" jdbcType="VARCHAR" />
    <result column="SESSION_ID" property="sessionId" jdbcType="VARCHAR" />
    <result column="LOGIN_NAME" property="loginName" jdbcType="VARCHAR" />
    <result column="DEPT_ID" property="deptId" jdbcType="VARCHAR" />
    <result column="DEPT_NAME" property="deptName" jdbcType="VARCHAR" />
    <result column="IPADDR" property="ipaddr" jdbcType="VARCHAR" />
    <result column="LOGIN_LOCATION" property="loginLocation" jdbcType="VARCHAR" />
    <result column="BROWSER" property="browser" jdbcType="VARCHAR" />
    <result column="OS" property="os" jdbcType="VARCHAR" />
    <result column="STATUS" property="status" jdbcType="DECIMAL" />
    <result column="START_TIMESTAMP" property="startTimestamp" jdbcType="TIMESTAMP" />
    <result column="LAST_ACCESS_TIME" property="lastAccessTime" jdbcType="TIMESTAMP" />
    <result column="EXPIRE_TIME" property="expireTime" jdbcType="INTEGER" />
    <result column="EX_EXPIRE_TIME" property="exExpireTime" jdbcType="TIMESTAMP" />
  </resultMap>
  <sql id="Example_Where_Clause" >
    <where >
      <foreach collection="oredCriteria" item="criteria" separator="or" >
        <if test="criteria.valid" >
          <trim prefix="(" suffix=")" prefixOverrides="and" >
            <foreach collection="criteria.criteria" item="criterion" >
              <choose >
                <when test="criterion.noValue" >
                  and ${criterion.condition}
                </when>
                <when test="criterion.singleValue" >
                  and ${criterion.condition} #{criterion.value}
                </when>
                <when test="criterion.betweenValue" >
                  and ${criterion.condition} #{criterion.value} and #{criterion.secondValue}
                </when>
                <when test="criterion.listValue" >
                  and ${criterion.condition}
                  <foreach collection="criterion.value" item="listItem" open="(" close=")" separator="," >
                    #{listItem}
                  </foreach>
                </when>
              </choose>
            </foreach>
          </trim>
        </if>
      </foreach>
    </where>
  </sql>
  <sql id="Update_By_Example_Where_Clause" >
    <where >
      <foreach collection="example.oredCriteria" item="criteria" separator="or" >
        <if test="criteria.valid" >
          <trim prefix="(" suffix=")" prefixOverrides="and" >
            <foreach collection="criteria.criteria" item="criterion" >
              <choose >
                <when test="criterion.noValue" >
                  and ${criterion.condition}
                </when>
                <when test="criterion.singleValue" >
                  and ${criterion.condition} #{criterion.value}
                </when>
                <when test="criterion.betweenValue" >
                  and ${criterion.condition} #{criterion.value} and #{criterion.secondValue}
                </when>
                <when test="criterion.listValue" >
                  and ${criterion.condition}
                  <foreach collection="criterion.value" item="listItem" open="(" close=")" separator="," >
                    #{listItem}
                  </foreach>
                </when>
              </choose>
            </foreach>
          </trim>
        </if>
      </foreach>
    </where>
  </sql>
  <sql id="Base_Column_List" >
    ID, SESSION_ID, LOGIN_NAME, DEPT_ID, DEPT_NAME, IPADDR, LOGIN_LOCATION, BROWSER, 
    OS, STATUS, START_TIMESTAMP, LAST_ACCESS_TIME, EXPIRE_TIME, EX_EXPIRE_TIME
  </sql>
  <select id="selectByExample" resultMap="BaseResultMap" parameterType="com.huateng.user.dal.model.UserOnlineInfoExample" >
    select
    <if test="distinct" >
      distinct
    </if>
    <include refid="Base_Column_List" />
    from SYS_USER_ONLINE_INFO
    <if test="_parameter != null" >
      <include refid="Example_Where_Clause" />
    </if>
    <if test="orderByClause != null" >
      order by ${orderByClause}
    </if>
  </select>
  <select id="selectByPrimaryKey" resultMap="BaseResultMap" parameterType="java.lang.String" >
    select 
    <include refid="Base_Column_List" />
    from SYS_USER_ONLINE_INFO
    where ID = #{id,jdbcType=VARCHAR}
  </select>
  <delete id="deleteByPrimaryKey" parameterType="java.lang.String" >
    delete from SYS_USER_ONLINE_INFO
    where ID = #{id,jdbcType=VARCHAR}
  </delete>
  <delete id="deleteByExample" parameterType="com.huateng.user.dal.model.UserOnlineInfoExample" >
    delete from SYS_USER_ONLINE_INFO
    <if test="_parameter != null" >
      <include refid="Example_Where_Clause" />
    </if>
  </delete>
  <insert id="insert" parameterType="com.huateng.user.dal.model.UserOnlineInfo" >
    <selectKey resultType="java.lang.String" keyProperty="id" order="BEFORE" >
      GENID('SYS_USER_ONLINE_INFO')
    </selectKey>
    insert into SYS_USER_ONLINE_INFO (ID, SESSION_ID, LOGIN_NAME, 
      DEPT_ID, DEPT_NAME, IPADDR, 
      LOGIN_LOCATION, BROWSER, OS, 
      STATUS, START_TIMESTAMP, LAST_ACCESS_TIME, 
      EXPIRE_TIME, EX_EXPIRE_TIME)
    values (#{id,jdbcType=VARCHAR}, #{sessionId,jdbcType=VARCHAR}, #{loginName,jdbcType=VARCHAR}, 
      #{deptId,jdbcType=VARCHAR}, #{deptName,jdbcType=VARCHAR}, #{ipaddr,jdbcType=VARCHAR}, 
      #{loginLocation,jdbcType=VARCHAR}, #{browser,jdbcType=VARCHAR}, #{os,jdbcType=VARCHAR}, 
      #{status,jdbcType=DECIMAL}, #{startTimestamp,jdbcType=TIMESTAMP}, #{lastAccessTime,jdbcType=TIMESTAMP}, 
      #{expireTime,jdbcType=INTEGER}, #{exExpireTime,jdbcType=TIMESTAMP})
  </insert>
  <insert id="insertSelective" parameterType="com.huateng.user.dal.model.UserOnlineInfo" >
    <selectKey resultType="java.lang.String" keyProperty="id" order="BEFORE" >
      GENID('SYS_USER_ONLINE_INFO')
    </selectKey>
    insert into SYS_USER_ONLINE_INFO
    <trim prefix="(" suffix=")" suffixOverrides="," >
      ID,
      <if test="sessionId != null" >
        SESSION_ID,
      </if>
      <if test="loginName != null" >
        LOGIN_NAME,
      </if>
      <if test="deptId != null" >
        DEPT_ID,
      </if>
      <if test="deptName != null" >
        DEPT_NAME,
      </if>
      <if test="ipaddr != null" >
        IPADDR,
      </if>
      <if test="loginLocation != null" >
        LOGIN_LOCATION,
      </if>
      <if test="browser != null" >
        BROWSER,
      </if>
      <if test="os != null" >
        OS,
      </if>
      <if test="status != null" >
        STATUS,
      </if>
      <if test="startTimestamp != null" >
        START_TIMESTAMP,
      </if>
      <if test="lastAccessTime != null" >
        LAST_ACCESS_TIME,
      </if>
      <if test="expireTime != null" >
        EXPIRE_TIME,
      </if>
      <if test="exExpireTime != null" >
        EX_EXPIRE_TIME,
      </if>
    </trim>
    <trim prefix="values (" suffix=")" suffixOverrides="," >
      #{id,jdbcType=VARCHAR},
      <if test="sessionId != null" >
        #{sessionId,jdbcType=VARCHAR},
      </if>
      <if test="loginName != null" >
        #{loginName,jdbcType=VARCHAR},
      </if>
      <if test="deptId != null" >
        #{deptId,jdbcType=VARCHAR},
      </if>
      <if test="deptName != null" >
        #{deptName,jdbcType=VARCHAR},
      </if>
      <if test="ipaddr != null" >
        #{ipaddr,jdbcType=VARCHAR},
      </if>
      <if test="loginLocation != null" >
        #{loginLocation,jdbcType=VARCHAR},
      </if>
      <if test="browser != null" >
        #{browser,jdbcType=VARCHAR},
      </if>
      <if test="os != null" >
        #{os,jdbcType=VARCHAR},
      </if>
      <if test="status != null" >
        #{status,jdbcType=DECIMAL},
      </if>
      <if test="startTimestamp != null" >
        #{startTimestamp,jdbcType=TIMESTAMP},
      </if>
      <if test="lastAccessTime != null" >
        #{lastAccessTime,jdbcType=TIMESTAMP},
      </if>
      <if test="expireTime != null" >
        #{expireTime,jdbcType=INTEGER},
      </if>
      <if test="exExpireTime != null" >
        #{exExpireTime,jdbcType=TIMESTAMP},
      </if>
    </trim>
  </insert>
  <select id="countByExample" parameterType="com.huateng.user.dal.model.UserOnlineInfoExample" resultType="java.lang.Integer" >
    select count(*) from SYS_USER_ONLINE_INFO
    <if test="_parameter != null" >
      <include refid="Example_Where_Clause" />
    </if>
  </select>
  <update id="updateByExampleSelective" parameterType="map" >
    update SYS_USER_ONLINE_INFO
    <set >
      <if test="record.id != null" >
        ID = #{record.id,jdbcType=VARCHAR},
      </if>
      <if test="record.sessionId != null" >
        SESSION_ID = #{record.sessionId,jdbcType=VARCHAR},
      </if>
      <if test="record.loginName != null" >
        LOGIN_NAME = #{record.loginName,jdbcType=VARCHAR},
      </if>
      <if test="record.deptId != null" >
        DEPT_ID = #{record.deptId,jdbcType=VARCHAR},
      </if>
      <if test="record.deptName != null" >
        DEPT_NAME = #{record.deptName,jdbcType=VARCHAR},
      </if>
      <if test="record.ipaddr != null" >
        IPADDR = #{record.ipaddr,jdbcType=VARCHAR},
      </if>
      <if test="record.loginLocation != null" >
        LOGIN_LOCATION = #{record.loginLocation,jdbcType=VARCHAR},
      </if>
      <if test="record.browser != null" >
        BROWSER = #{record.browser,jdbcType=VARCHAR},
      </if>
      <if test="record.os != null" >
        OS = #{record.os,jdbcType=VARCHAR},
      </if>
      <if test="record.status != null" >
        STATUS = #{record.status,jdbcType=DECIMAL},
      </if>
      <if test="record.startTimestamp != null" >
        START_TIMESTAMP = #{record.startTimestamp,jdbcType=TIMESTAMP},
      </if>
      <if test="record.lastAccessTime != null" >
        LAST_ACCESS_TIME = #{record.lastAccessTime,jdbcType=TIMESTAMP},
      </if>
      <if test="record.expireTime != null" >
        EXPIRE_TIME = #{record.expireTime,jdbcType=INTEGER},
      </if>
      <if test="record.exExpireTime != null" >
        EX_EXPIRE_TIME = #{record.exExpireTime,jdbcType=TIMESTAMP},
      </if>
    </set>
    <if test="_parameter != null" >
      <include refid="Update_By_Example_Where_Clause" />
    </if>
  </update>
  <update id="updateByExample" parameterType="map" >
    update SYS_USER_ONLINE_INFO
    set ID = #{record.id,jdbcType=VARCHAR},
      SESSION_ID = #{record.sessionId,jdbcType=VARCHAR},
      LOGIN_NAME = #{record.loginName,jdbcType=VARCHAR},
      DEPT_ID = #{record.deptId,jdbcType=VARCHAR},
      DEPT_NAME = #{record.deptName,jdbcType=VARCHAR},
      IPADDR = #{record.ipaddr,jdbcType=VARCHAR},
      LOGIN_LOCATION = #{record.loginLocation,jdbcType=VARCHAR},
      BROWSER = #{record.browser,jdbcType=VARCHAR},
      OS = #{record.os,jdbcType=VARCHAR},
      STATUS = #{record.status,jdbcType=DECIMAL},
      START_TIMESTAMP = #{record.startTimestamp,jdbcType=TIMESTAMP},
      LAST_ACCESS_TIME = #{record.lastAccessTime,jdbcType=TIMESTAMP},
      EXPIRE_TIME = #{record.expireTime,jdbcType=INTEGER},
      EX_EXPIRE_TIME = #{record.exExpireTime,jdbcType=TIMESTAMP}
    <if test="_parameter != null" >
      <include refid="Update_By_Example_Where_Clause" />
    </if>
  </update>
  <update id="updateByPrimaryKeySelective" parameterType="com.huateng.user.dal.model.UserOnlineInfo" >
    update SYS_USER_ONLINE_INFO
    <set >
      <if test="sessionId != null" >
        SESSION_ID = #{sessionId,jdbcType=VARCHAR},
      </if>
      <if test="loginName != null" >
        LOGIN_NAME = #{loginName,jdbcType=VARCHAR},
      </if>
      <if test="deptId != null" >
        DEPT_ID = #{deptId,jdbcType=VARCHAR},
      </if>
      <if test="deptName != null" >
        DEPT_NAME = #{deptName,jdbcType=VARCHAR},
      </if>
      <if test="ipaddr != null" >
        IPADDR = #{ipaddr,jdbcType=VARCHAR},
      </if>
      <if test="loginLocation != null" >
        LOGIN_LOCATION = #{loginLocation,jdbcType=VARCHAR},
      </if>
      <if test="browser != null" >
        BROWSER = #{browser,jdbcType=VARCHAR},
      </if>
      <if test="os != null" >
        OS = #{os,jdbcType=VARCHAR},
      </if>
      <if test="status != null" >
        STATUS = #{status,jdbcType=DECIMAL},
      </if>
      <if test="startTimestamp != null" >
        START_TIMESTAMP = #{startTimestamp,jdbcType=TIMESTAMP},
      </if>
      <if test="lastAccessTime != null" >
        LAST_ACCESS_TIME = #{lastAccessTime,jdbcType=TIMESTAMP},
      </if>
      <if test="expireTime != null" >
        EXPIRE_TIME = #{expireTime,jdbcType=INTEGER},
      </if>
      <if test="exExpireTime != null" >
        EX_EXPIRE_TIME = #{exExpireTime,jdbcType=TIMESTAMP},
      </if>
    </set>
    where ID = #{id,jdbcType=VARCHAR}
  </update>
  <update id="updateByPrimaryKey" parameterType="com.huateng.user.dal.model.UserOnlineInfo" >
    update SYS_USER_ONLINE_INFO
    set SESSION_ID = #{sessionId,jdbcType=VARCHAR},
      LOGIN_NAME = #{loginName,jdbcType=VARCHAR},
      DEPT_ID = #{deptId,jdbcType=VARCHAR},
      DEPT_NAME = #{deptName,jdbcType=VARCHAR},
      IPADDR = #{ipaddr,jdbcType=VARCHAR},
      LOGIN_LOCATION = #{loginLocation,jdbcType=VARCHAR},
      BROWSER = #{browser,jdbcType=VARCHAR},
      OS = #{os,jdbcType=VARCHAR},
      STATUS = #{status,jdbcType=DECIMAL},
      START_TIMESTAMP = #{startTimestamp,jdbcType=TIMESTAMP},
      LAST_ACCESS_TIME = #{lastAccessTime,jdbcType=TIMESTAMP},
      EXPIRE_TIME = #{expireTime,jdbcType=INTEGER},
      EX_EXPIRE_TIME = #{exExpireTime,jdbcType=TIMESTAMP}
    where ID = #{id,jdbcType=VARCHAR}
  </update>
</mapper>