<?xml version="1.0" encoding="UTF-8" ?>
<!DOCTYPE mapper PUBLIC "-//mybatis.org//DTD Mapper 3.0//EN" "http://mybatis.org/dtd/mybatis-3-mapper.dtd" >
<mapper namespace="com.huateng.user.dal.dao.UserInfoMapper" >
  <resultMap id="BaseResultMap" type="com.huateng.user.dal.model.UserInfo" >
    <id column="ID" property="id" jdbcType="VARCHAR" />
    <result column="TENANT_ID" property="tenantId" jdbcType="VARCHAR" />
    <result column="TENANT_CODE" property="tenantCode" jdbcType="VARCHAR" />
    <result column="DEPT_ID" property="deptId" jdbcType="VARCHAR" />
    <result column="DEPT_CODE" property="deptCode" jdbcType="VARCHAR" />
    <result column="LOGIN_NAME" property="loginName" jdbcType="VARCHAR" />
    <result column="USER_NAME" property="userName" jdbcType="VARCHAR" />
    <result column="USER_TYPE" property="userType" jdbcType="DECIMAL" />
    <result column="EMAIL" property="email" jdbcType="VARCHAR" />
    <result column="PHONE_NUMBER" property="phoneNumber" jdbcType="VARCHAR" />
    <result column="SEX" property="sex" jdbcType="DECIMAL" />
    <result column="AVATAR" property="avatar" jdbcType="VARCHAR" />
    <result column="PASSWORD" property="password" jdbcType="VARCHAR" />
    <result column="SALT" property="salt" jdbcType="VARCHAR" />
    <result column="STATUS" property="status" jdbcType="DECIMAL" />
    <result column="DEL_FLAG" property="delFlag" jdbcType="DECIMAL" />
    <result column="CREATE_BY" property="createBy" jdbcType="VARCHAR" />
    <result column="CREATE_TIME" property="createTime" jdbcType="TIMESTAMP" />
    <result column="UPDATE_BY" property="updateBy" jdbcType="VARCHAR" />
    <result column="UPDATE_TIME" property="updateTime" jdbcType="TIMESTAMP" />
    <result column="REMARK" property="remark" jdbcType="VARCHAR" />
  </resultMap>
  <sql id="Example_Where_Clause" >
    <where >
      <foreach collection="oredCriteria" item="criteria" separator="or" >
        <if test="criteria.valid" >
          <trim prefix="(" suffix=")" prefixOverrides="and" >
            <foreach collection="criteria.criteria" item="criterion" >
              <choose >
                <when test="criterion.noValue" >
                  and ${criterion.condition}
                </when>
                <when test="criterion.singleValue" >
                  and ${criterion.condition} #{criterion.value}
                </when>
                <when test="criterion.betweenValue" >
                  and ${criterion.condition} #{criterion.value} and #{criterion.secondValue}
                </when>
                <when test="criterion.listValue" >
                  and ${criterion.condition}
                  <foreach collection="criterion.value" item="listItem" open="(" close=")" separator="," >
                    #{listItem}
                  </foreach>
                </when>
              </choose>
            </foreach>
          </trim>
        </if>
      </foreach>
    </where>
  </sql>
  <sql id="Update_By_Example_Where_Clause" >
    <where >
      <foreach collection="example.oredCriteria" item="criteria" separator="or" >
        <if test="criteria.valid" >
          <trim prefix="(" suffix=")" prefixOverrides="and" >
            <foreach collection="criteria.criteria" item="criterion" >
              <choose >
                <when test="criterion.noValue" >
                  and ${criterion.condition}
                </when>
                <when test="criterion.singleValue" >
                  and ${criterion.condition} #{criterion.value}
                </when>
                <when test="criterion.betweenValue" >
                  and ${criterion.condition} #{criterion.value} and #{criterion.secondValue}
                </when>
                <when test="criterion.listValue" >
                  and ${criterion.condition}
                  <foreach collection="criterion.value" item="listItem" open="(" close=")" separator="," >
                    #{listItem}
                  </foreach>
                </when>
              </choose>
            </foreach>
          </trim>
        </if>
      </foreach>
    </where>
  </sql>
  <sql id="Base_Column_List" >
    ID, TENANT_ID, TENANT_CODE, DEPT_ID, DEPT_CODE, LOGIN_NAME, USER_NAME, USER_TYPE, 
    EMAIL, PHONE_NUMBER, SEX, AVATAR, PASSWORD, SALT, STATUS, DEL_FLAG, CREATE_BY, CREATE_TIME, 
    UPDATE_BY, UPDATE_TIME, REMARK
  </sql>
  <select id="selectByExample" resultMap="BaseResultMap" parameterType="com.huateng.user.dal.model.UserInfoExample" >
    select
    <if test="distinct" >
      distinct
    </if>
    <include refid="Base_Column_List" />
    from SYS_USER_INFO
    <if test="_parameter != null" >
      <include refid="Example_Where_Clause" />
    </if>
    <if test="orderByClause != null" >
      order by ${orderByClause}
    </if>
  </select>
  <select id="selectByPrimaryKey" resultMap="BaseResultMap" parameterType="java.lang.String" >
    select 
    <include refid="Base_Column_List" />
    from SYS_USER_INFO
    where ID = #{id,jdbcType=VARCHAR}
  </select>
  <delete id="deleteByPrimaryKey" parameterType="java.lang.String" >
    delete from SYS_USER_INFO
    where ID = #{id,jdbcType=VARCHAR}
  </delete>
  <delete id="deleteByExample" parameterType="com.huateng.user.dal.model.UserInfoExample" >
    delete from SYS_USER_INFO
    <if test="_parameter != null" >
      <include refid="Example_Where_Clause" />
    </if>
  </delete>
  <insert id="insert" parameterType="com.huateng.user.dal.model.UserInfo" >
    <selectKey resultType="java.lang.String" keyProperty="id" order="BEFORE" >
      GENID('SYS_USER_INFO')
    </selectKey>
    insert into SYS_USER_INFO (ID, TENANT_ID, TENANT_CODE, 
      DEPT_ID, DEPT_CODE, LOGIN_NAME, 
      USER_NAME, USER_TYPE, EMAIL, 
      PHONE_NUMBER, SEX, AVATAR, 
      PASSWORD, SALT, STATUS, 
      DEL_FLAG, CREATE_BY, CREATE_TIME, 
      UPDATE_BY, UPDATE_TIME, REMARK
      )
    values (#{id,jdbcType=VARCHAR}, #{tenantId,jdbcType=VARCHAR}, #{tenantCode,jdbcType=VARCHAR}, 
      #{deptId,jdbcType=VARCHAR}, #{deptCode,jdbcType=VARCHAR}, #{loginName,jdbcType=VARCHAR}, 
      #{userName,jdbcType=VARCHAR}, #{userType,jdbcType=DECIMAL}, #{email,jdbcType=VARCHAR}, 
      #{phoneNumber,jdbcType=VARCHAR}, #{sex,jdbcType=DECIMAL}, #{avatar,jdbcType=VARCHAR}, 
      #{password,jdbcType=VARCHAR}, #{salt,jdbcType=VARCHAR}, #{status,jdbcType=DECIMAL}, 
      #{delFlag,jdbcType=DECIMAL}, #{createBy,jdbcType=VARCHAR}, #{createTime,jdbcType=TIMESTAMP}, 
      #{updateBy,jdbcType=VARCHAR}, #{updateTime,jdbcType=TIMESTAMP}, #{remark,jdbcType=VARCHAR}
      )
  </insert>
  <insert id="insertSelective" parameterType="com.huateng.user.dal.model.UserInfo" >
    <selectKey resultType="java.lang.String" keyProperty="id" order="BEFORE" >
      GENID('SYS_USER_INFO')
    </selectKey>
    insert into SYS_USER_INFO
    <trim prefix="(" suffix=")" suffixOverrides="," >
      ID,
      <if test="tenantId != null" >
        TENANT_ID,
      </if>
      <if test="tenantCode != null" >
        TENANT_CODE,
      </if>
      <if test="deptId != null" >
        DEPT_ID,
      </if>
      <if test="deptCode != null" >
        DEPT_CODE,
      </if>
      <if test="loginName != null" >
        LOGIN_NAME,
      </if>
      <if test="userName != null" >
        USER_NAME,
      </if>
      <if test="userType != null" >
        USER_TYPE,
      </if>
      <if test="email != null" >
        EMAIL,
      </if>
      <if test="phoneNumber != null" >
        PHONE_NUMBER,
      </if>
      <if test="sex != null" >
        SEX,
      </if>
      <if test="avatar != null" >
        AVATAR,
      </if>
      <if test="password != null" >
        PASSWORD,
      </if>
      <if test="salt != null" >
        SALT,
      </if>
      <if test="status != null" >
        STATUS,
      </if>
      <if test="delFlag != null" >
        DEL_FLAG,
      </if>
      <if test="createBy != null" >
        CREATE_BY,
      </if>
      <if test="createTime != null" >
        CREATE_TIME,
      </if>
      <if test="updateBy != null" >
        UPDATE_BY,
      </if>
      <if test="updateTime != null" >
        UPDATE_TIME,
      </if>
      <if test="remark != null" >
        REMARK,
      </if>
    </trim>
    <trim prefix="values (" suffix=")" suffixOverrides="," >
      #{id,jdbcType=VARCHAR},
      <if test="tenantId != null" >
        #{tenantId,jdbcType=VARCHAR},
      </if>
      <if test="tenantCode != null" >
        #{tenantCode,jdbcType=VARCHAR},
      </if>
      <if test="deptId != null" >
        #{deptId,jdbcType=VARCHAR},
      </if>
      <if test="deptCode != null" >
        #{deptCode,jdbcType=VARCHAR},
      </if>
      <if test="loginName != null" >
        #{loginName,jdbcType=VARCHAR},
      </if>
      <if test="userName != null" >
        #{userName,jdbcType=VARCHAR},
      </if>
      <if test="userType != null" >
        #{userType,jdbcType=DECIMAL},
      </if>
      <if test="email != null" >
        #{email,jdbcType=VARCHAR},
      </if>
      <if test="phoneNumber != null" >
        #{phoneNumber,jdbcType=VARCHAR},
      </if>
      <if test="sex != null" >
        #{sex,jdbcType=DECIMAL},
      </if>
      <if test="avatar != null" >
        #{avatar,jdbcType=VARCHAR},
      </if>
      <if test="password != null" >
        #{password,jdbcType=VARCHAR},
      </if>
      <if test="salt != null" >
        #{salt,jdbcType=VARCHAR},
      </if>
      <if test="status != null" >
        #{status,jdbcType=DECIMAL},
      </if>
      <if test="delFlag != null" >
        #{delFlag,jdbcType=DECIMAL},
      </if>
      <if test="createBy != null" >
        #{createBy,jdbcType=VARCHAR},
      </if>
      <if test="createTime != null" >
        #{createTime,jdbcType=TIMESTAMP},
      </if>
      <if test="updateBy != null" >
        #{updateBy,jdbcType=VARCHAR},
      </if>
      <if test="updateTime != null" >
        #{updateTime,jdbcType=TIMESTAMP},
      </if>
      <if test="remark != null" >
        #{remark,jdbcType=VARCHAR},
      </if>
    </trim>
  </insert>
  <select id="countByExample" parameterType="com.huateng.user.dal.model.UserInfoExample" resultType="java.lang.Integer" >
    select count(*) from SYS_USER_INFO
    <if test="_parameter != null" >
      <include refid="Example_Where_Clause" />
    </if>
  </select>
  <update id="updateByExampleSelective" parameterType="map" >
    update SYS_USER_INFO
    <set >
      <if test="record.id != null" >
        ID = #{record.id,jdbcType=VARCHAR},
      </if>
      <if test="record.tenantId != null" >
        TENANT_ID = #{record.tenantId,jdbcType=VARCHAR},
      </if>
      <if test="record.tenantCode != null" >
        TENANT_CODE = #{record.tenantCode,jdbcType=VARCHAR},
      </if>
      <if test="record.deptId != null" >
        DEPT_ID = #{record.deptId,jdbcType=VARCHAR},
      </if>
      <if test="record.deptCode != null" >
        DEPT_CODE = #{record.deptCode,jdbcType=VARCHAR},
      </if>
      <if test="record.loginName != null" >
        LOGIN_NAME = #{record.loginName,jdbcType=VARCHAR},
      </if>
      <if test="record.userName != null" >
        USER_NAME = #{record.userName,jdbcType=VARCHAR},
      </if>
      <if test="record.userType != null" >
        USER_TYPE = #{record.userType,jdbcType=DECIMAL},
      </if>
      <if test="record.email != null" >
        EMAIL = #{record.email,jdbcType=VARCHAR},
      </if>
      <if test="record.phoneNumber != null" >
        PHONE_NUMBER = #{record.phoneNumber,jdbcType=VARCHAR},
      </if>
      <if test="record.sex != null" >
        SEX = #{record.sex,jdbcType=DECIMAL},
      </if>
      <if test="record.avatar != null" >
        AVATAR = #{record.avatar,jdbcType=VARCHAR},
      </if>
      <if test="record.password != null" >
        PASSWORD = #{record.password,jdbcType=VARCHAR},
      </if>
      <if test="record.salt != null" >
        SALT = #{record.salt,jdbcType=VARCHAR},
      </if>
      <if test="record.status != null" >
        STATUS = #{record.status,jdbcType=DECIMAL},
      </if>
      <if test="record.delFlag != null" >
        DEL_FLAG = #{record.delFlag,jdbcType=DECIMAL},
      </if>
      <if test="record.createBy != null" >
        CREATE_BY = #{record.createBy,jdbcType=VARCHAR},
      </if>
      <if test="record.createTime != null" >
        CREATE_TIME = #{record.createTime,jdbcType=TIMESTAMP},
      </if>
      <if test="record.updateBy != null" >
        UPDATE_BY = #{record.updateBy,jdbcType=VARCHAR},
      </if>
      <if test="record.updateTime != null" >
        UPDATE_TIME = #{record.updateTime,jdbcType=TIMESTAMP},
      </if>
      <if test="record.remark != null" >
        REMARK = #{record.remark,jdbcType=VARCHAR},
      </if>
    </set>
    <if test="_parameter != null" >
      <include refid="Update_By_Example_Where_Clause" />
    </if>
  </update>
  <update id="updateByExample" parameterType="map" >
    update SYS_USER_INFO
    set ID = #{record.id,jdbcType=VARCHAR},
      TENANT_ID = #{record.tenantId,jdbcType=VARCHAR},
      TENANT_CODE = #{record.tenantCode,jdbcType=VARCHAR},
      DEPT_ID = #{record.deptId,jdbcType=VARCHAR},
      DEPT_CODE = #{record.deptCode,jdbcType=VARCHAR},
      LOGIN_NAME = #{record.loginName,jdbcType=VARCHAR},
      USER_NAME = #{record.userName,jdbcType=VARCHAR},
      USER_TYPE = #{record.userType,jdbcType=DECIMAL},
      EMAIL = #{record.email,jdbcType=VARCHAR},
      PHONE_NUMBER = #{record.phoneNumber,jdbcType=VARCHAR},
      SEX = #{record.sex,jdbcType=DECIMAL},
      AVATAR = #{record.avatar,jdbcType=VARCHAR},
      PASSWORD = #{record.password,jdbcType=VARCHAR},
      SALT = #{record.salt,jdbcType=VARCHAR},
      STATUS = #{record.status,jdbcType=DECIMAL},
      DEL_FLAG = #{record.delFlag,jdbcType=DECIMAL},
      CREATE_BY = #{record.createBy,jdbcType=VARCHAR},
      CREATE_TIME = #{record.createTime,jdbcType=TIMESTAMP},
      UPDATE_BY = #{record.updateBy,jdbcType=VARCHAR},
      UPDATE_TIME = #{record.updateTime,jdbcType=TIMESTAMP},
      REMARK = #{record.remark,jdbcType=VARCHAR}
    <if test="_parameter != null" >
      <include refid="Update_By_Example_Where_Clause" />
    </if>
  </update>
  <update id="updateByPrimaryKeySelective" parameterType="com.huateng.user.dal.model.UserInfo" >
    update SYS_USER_INFO
    <set >
      <if test="tenantId != null" >
        TENANT_ID = #{tenantId,jdbcType=VARCHAR},
      </if>
      <if test="tenantCode != null" >
        TENANT_CODE = #{tenantCode,jdbcType=VARCHAR},
      </if>
      <if test="deptId != null" >
        DEPT_ID = #{deptId,jdbcType=VARCHAR},
      </if>
      <if test="deptCode != null" >
        DEPT_CODE = #{deptCode,jdbcType=VARCHAR},
      </if>
      <if test="loginName != null" >
        LOGIN_NAME = #{loginName,jdbcType=VARCHAR},
      </if>
      <if test="userName != null" >
        USER_NAME = #{userName,jdbcType=VARCHAR},
      </if>
      <if test="userType != null" >
        USER_TYPE = #{userType,jdbcType=DECIMAL},
      </if>
      <if test="email != null" >
        EMAIL = #{email,jdbcType=VARCHAR},
      </if>
      <if test="phoneNumber != null" >
        PHONE_NUMBER = #{phoneNumber,jdbcType=VARCHAR},
      </if>
      <if test="sex != null" >
        SEX = #{sex,jdbcType=DECIMAL},
      </if>
      <if test="avatar != null" >
        AVATAR = #{avatar,jdbcType=VARCHAR},
      </if>
      <if test="password != null" >
        PASSWORD = #{password,jdbcType=VARCHAR},
      </if>
      <if test="salt != null" >
        SALT = #{salt,jdbcType=VARCHAR},
      </if>
      <if test="status != null" >
        STATUS = #{status,jdbcType=DECIMAL},
      </if>
      <if test="delFlag != null" >
        DEL_FLAG = #{delFlag,jdbcType=DECIMAL},
      </if>
      <if test="createBy != null" >
        CREATE_BY = #{createBy,jdbcType=VARCHAR},
      </if>
      <if test="createTime != null" >
        CREATE_TIME = #{createTime,jdbcType=TIMESTAMP},
      </if>
      <if test="updateBy != null" >
        UPDATE_BY = #{updateBy,jdbcType=VARCHAR},
      </if>
      <if test="updateTime != null" >
        UPDATE_TIME = #{updateTime,jdbcType=TIMESTAMP},
      </if>
      <if test="remark != null" >
        REMARK = #{remark,jdbcType=VARCHAR},
      </if>
    </set>
    where ID = #{id,jdbcType=VARCHAR}
  </update>
  <update id="updateByPrimaryKey" parameterType="com.huateng.user.dal.model.UserInfo" >
    update SYS_USER_INFO
    set TENANT_ID = #{tenantId,jdbcType=VARCHAR},
      TENANT_CODE = #{tenantCode,jdbcType=VARCHAR},
      DEPT_ID = #{deptId,jdbcType=VARCHAR},
      DEPT_CODE = #{deptCode,jdbcType=VARCHAR},
      LOGIN_NAME = #{loginName,jdbcType=VARCHAR},
      USER_NAME = #{userName,jdbcType=VARCHAR},
      USER_TYPE = #{userType,jdbcType=DECIMAL},
      EMAIL = #{email,jdbcType=VARCHAR},
      PHONE_NUMBER = #{phoneNumber,jdbcType=VARCHAR},
      SEX = #{sex,jdbcType=DECIMAL},
      AVATAR = #{avatar,jdbcType=VARCHAR},
      PASSWORD = #{password,jdbcType=VARCHAR},
      SALT = #{salt,jdbcType=VARCHAR},
      STATUS = #{status,jdbcType=DECIMAL},
      DEL_FLAG = #{delFlag,jdbcType=DECIMAL},
      CREATE_BY = #{createBy,jdbcType=VARCHAR},
      CREATE_TIME = #{createTime,jdbcType=TIMESTAMP},
      UPDATE_BY = #{updateBy,jdbcType=VARCHAR},
      UPDATE_TIME = #{updateTime,jdbcType=TIMESTAMP},
      REMARK = #{remark,jdbcType=VARCHAR}
    where ID = #{id,jdbcType=VARCHAR}
  </update>
</mapper>